mng_live_id,title,url,date,thumbnail
1,'ã€æ­Œæ ã€‘å¿µé¡˜ã®æ­Œæ ï¼ãŸãã•ã‚“å¥½ããªæ­Œã€æ­Œã†ã‚‡ï½ï¼ï¼ã€æ˜Ÿé™ã“ã‚†ï¼æ–°äººVtuberã€‘,https://www.youtube.com/watch?v=n3PiwtW7sXE,2021-08-22,https://i.ytimg.com/vi/n3PiwtW7sXE/maxresdefault.jpg
2,'ã€æ­Œæ /Singingã€‘ä¹…ã€…æ­Œé…ä¿¡ï¼†é‡å¤§ç™ºè¡¨ï¼ã€ #æ˜Ÿé™ã“ã‚† ï¼æ–°äººVtuberã€‘,https://www.youtube.com/watch?v=kP5aZAx7c0U,2022-07-09,https://i.ytimg.com/vi/kP5aZAx7c0U/maxresdefault.jpg
3,'ã€æ­Œæ /Singingã€‘èª•ç”Ÿæ—¥ã¾ã§é§†ã‘æŠœã‘ã‚ï¼50æ›²è€ä¹…æ­Œé…ä¿¡ï¾€ï¾~ï¼ï¼ï¼ã€ #æ˜Ÿé™ã“ã‚† ï¼æ–°äººVtuberã€‘ã€€#æ˜Ÿé™ã“ã‚†æ˜Ÿèª•ç¥­2022,https://www.youtube.com/watch?v=AT-HCBJE-nE,2022-07-22,https://i.ytimg.com/vi/AT-HCBJE-nE/maxresdefault.jpg
4,'ã€ #å£°ã‹ã£ã“ã‹ã‚ã„ã„Væ­Œæ ãƒªãƒ¬ãƒ¼ ã€‘ã‚®ãƒ£ãƒƒãƒ—ã§é­…ã›ã‚‹ï¼â­ï¸å¤šå£°é¡ã‚ã‹ã¡ã‚ƒã‚“Vtuberã®æœ¬æ°—ã€è¦‹å±Šã‘ã¦ãã ã•ãƒï¼ã€ #æ˜Ÿé™ã“ã‚† #æ­Œæ  #Vtuber #KARAOKE ã€‘,https://www.youtube.com/watch?v=IWajnhOjzW4,2024-04-27,https://i.ytimg.com/vi/IWajnhOjzW4/maxresdefault.jpg
5,'ã€æ­Œæ /Singingã€‘ã“ã‚ŒãŒã€ã“ã‚†ã®ã€ã™ããªã†ãŸï¼ã€æ˜Ÿé™ã“ã‚†ï¼æ–°äººVtuberã€‘,https://www.youtube.com/watch?v=m9FTIO1IwU4,2022-03-03,https://i.ytimg.com/vi/m9FTIO1IwU4/maxresdefault.jpg
6,'ã€ #åˆè¦‹æ­“è¿ ã€‘æ¯é€±æ’ä¾‹ï¼ãƒªã‚¯ã‚¨ã‚¹ãƒˆOKæ­Œæ ğŸ¤ ğŸŒ ã€ #æ˜Ÿé™ã“ã‚† #æ­Œæ  #Vtuber #KARAOKE ã€‘,https://www.youtube.com/watch?v=LBClF53_dEA,2024-11-05,https://i.ytimg.com/vi/LBClF53_dEA/maxresdefault.jpg
7,'ã€ #è€ä¹…æ­Œæ   #åˆè¦‹ã•ã‚“å¤§æ­“è¿ã€‘å¹´å†…ãƒãƒ£ãƒ³ãƒãƒ«ç™»éŒ²è€…æ•°3333äººç›®æŒ‡ã—ã¦ï¼è€ä¹…æ­Œé…ä¿¡ï¼ï¼ï¼ï¼ï¼ï¼ã€  #æ˜Ÿé™ã“ã‚†  ï¼ #æ–°äººVtuberã€‘,https://www.youtube.com/watch?v=ltDA4NZbTWY,2022-12-31,https://i.ytimg.com/vi/ltDA4NZbTWY/maxresdefault.jpg
8,'ã€#ã‚­ãƒ©ã‚­ãƒ©GWæ­Œæ ãƒªãƒ¬ãƒ¼ã€‘æµã‚Œæ˜Ÿã®èµ¤ã¡ã‚ƒã‚“ãŒã€ãã‚‰ãã‚‰ã‚’ãŠå±Šã‘ï¼ï¼Singing Streamã€  #æ˜Ÿé™ã“ã‚† #æ­Œé…ä¿¡  ã€‘,https://www.youtube.com/watch?v=uZ9xCP1PdCE,2023-05-07,https://i.ytimg.com/vi/uZ9xCP1PdCE/maxresdefault.jpg
9,'ã€#æ˜Ÿé™ã‚‹å¤œã®æ­Œæ ãƒªãƒ¬ãƒ¼ã€‘ä¸»å‚¬ã€ã„ãã¾ã™ï¼ãŠå‹é”ã¨ç´¡ãã€æ˜Ÿé™ã‚‹å¤œã®æ­Œæ ãƒªãƒ¬ãƒ¼ï¼â­ã€€é–‰ä¼šå¼ã‚‚ï¼ã€ #æ˜Ÿé™ã“ã‚† #æ­Œæ  #Vtuber #KARAOKE ã€‘,https://www.youtube.com/watch?v=W0Lj-WyMTCc,2024-07-21,https://i.ytimg.com/vi/W0Lj-WyMTCc/maxresdefault.jpg
10,'ã€ #åˆè¦‹æ­“è¿ ã€‘VRide!æ„Ÿæƒ³ï¼†æ­Œæ é…ä¿¡ï¼ãŸãã•ã‚“è©±ã—ã¦æ­Œã‚’æ­Œã†ã‚‡â€¦ï¼ğŸ’­ğŸ‘¼ğŸ»ã€ #æ˜Ÿé™ã“ã‚† #æ­Œæ  #Vtuber #KARAOKE ã€‘,https://www.youtube.com/watch?v=ohq-Ctneerc,2024-09-22,https://i.ytimg.com/vi/ohq-Ctneerc/maxresdefault.jpg
11,'ã€ #åˆè¦‹æ­“è¿ ã€‘ä¼‘æ­¢å‰æœ€å¾Œã®â•ãƒªã‚¯ã‚¨ã‚¹ãƒˆOKæ­Œæ ğŸ¤ ğŸŒ ã€ #æ˜Ÿé™ã“ã‚† #æ­Œæ  #Vtuber #KARAOKE ã€‘,https://www.youtube.com/watch?v=7xT-FfMOAfU,2024-11-25,https://i.ytimg.com/vi/7xT-FfMOAfU/maxresdefault.jpg
12,'ã€åˆè¦‹ã•ã‚“å¤§æ­“è¿ã€‘5/5ã¯ã“ã©ã‚‚ã®æ—¥ï¼ã“ã‚†ã¡ã‚ƒã‚“ã®æ—¥ï¼ã‚¢ãƒ‹ã‚½ãƒ³æ­Œã†ï½¿ï¾ï¼ã€€Singing Streamã€ #æ˜Ÿé™ã“ã‚† #æ­Œé…ä¿¡ã€‘,https://www.youtube.com/watch?v=tvLS-GAfi4Q,2023-05-05,https://i.ytimg.com/vi/tvLS-GAfi4Q/maxresdefault.jpg
13,'ã€ #ã‚¿ãƒ­ãƒƒãƒˆãƒªãƒ¬ãƒ¼ ã€‘ã€€æµã‚Œæ˜Ÿã¯ã€å›ã®ã€Œå¤ªé™½ã€ã«ãªã‚‹ â•â˜€ï¸ã€€Singing Streamã€ #æ˜Ÿé™ã“ã‚† #æ­Œé…ä¿¡ #karaoke ã€‘,https://www.youtube.com/watch?v=e5-hlsIbj_M,2023-09-24,https://i.ytimg.com/vi/e5-hlsIbj_M/maxresdefault.jpg
14,'ã€åˆè¦‹ã•ã‚“å¤§æ­“è¿ã€‘ã°ãƒã°ãƒ2023ã€ä»Šå¹´ã‚’æŒ¯ã‚Šè¿”ã‚‹æ­Œé›‘è«‡ï¼ï¼ã€€Singing Streamã€ #æ˜Ÿé™ã“ã‚† #æ­Œé…ä¿¡ #karaoke ã€‘,https://www.youtube.com/watch?v=vlTA0KFg4Nk,2023-12-31,https://i.ytimg.com/vi/vlTA0KFg4Nk/maxresdefault.jpg
15,'ã€ #åˆè¦‹æ­“è¿  ã€‘5/5ã¯ã€Œã“ã©ã‚‚ã®æ—¥ã€ã€ã™ãªã‚ã¡ã€Œã“ã‚†ã®æ—¥ã€ï¼ã‚¢ãƒ‹ã‚½ãƒ³ç¸›ã‚Šæ­Œæ ï¼â­ï¸ã€ #æ˜Ÿé™ã“ã‚† #æ­Œæ  #Vtuber #KARAOKE ã€‘,https://www.youtube.com/watch?v=0GhL1uBDXRQ,2024-05-05,https://i.ytimg.com/vi/0GhL1uBDXRQ/maxresdefault.jpg
16,'ã€ #æ˜Ÿé™ã“ã‚†3å‘¨å¹´ ã€‘ï¼“å‘¨å¹´ã«ã¡ãªã‚“ã§ .áŸ .áŸ ï¼“ï¼“æ›²è€ä¹…æ­Œæ â­ï¸ã€ #æ˜Ÿé™ã“ã‚† #æ­Œæ  #Vtuber #KARAOKE ã€‘,https://www.youtube.com/watch?v=j5dufseIZF8,2024-08-20,https://i.ytimg.com/vi/j5dufseIZF8/maxresdefault.jpg
17,'ã€ #åˆè¦‹æ­“è¿ ã€‘ãŸãã•ã‚“æ­Œã„ãŸã„ã€æ‰‹è¡“å¾Œãƒªãƒãƒ“ãƒªæ­Œæ ï¼ï¼â­ï¸ã€ #æ˜Ÿé™ã“ã‚† #æ­Œæ  #vtuberen  #KARAOKE ã€‘,https://www.youtube.com/watch?v=f1h1-YaQmZY,2025-02-03,https://i.ytimg.com/vi/f1h1-YaQmZY/maxresdefault.jpg
18,'ã€ #åˆè¦‹æ­“è¿ ã€‘æ‰‹è¡“å¾Œåˆã®ï¼ï¼ãƒªã‚¯ã‚¨ã‚¹ãƒˆOKæ­Œæ ï¼ï¼ï¼ã€ #æ˜Ÿé™ã“ã‚† #æ­Œæ  #vtuber  #KARAOKE ã€‘,https://www.youtube.com/watch?v=afctYcFIwXc,2025-05-09,https://i.ytimg.com/vi/afctYcFIwXc/maxresdefault.jpg
19,'ã€æ­Œã‚³ãƒ©ãƒœï¼ã€‘æµã‚Œæ˜Ÿã¨å¤©ä½¿ã®ã€€å¿µé¡˜æ­Œã‚³ãƒ©ãƒœï¼ï¼ã€  #æ˜Ÿé™ã“ã‚†  ï¼ #æ–°äººVtuberã€‘,https://www.youtube.com/watch?v=rVIPEBKzrQo,2022-10-01,https://i.ytimg.com/vi/rVIPEBKzrQo/maxresdefault.jpg
20,'ã€ #åˆè¦‹æ­“è¿ ã€‘å°é¢¨ã«è² ã‘ãªã„ã€ãƒœã‚«ãƒ­ç¸›ã‚Šæ­Œæ ï¼ï¼ã€ #æ˜Ÿé™ã“ã‚† #æ­Œæ  #Vtuber #KARAOKE ã€‘,https://www.youtube.com/watch?v=c1ZpwxTAOGk,2024-08-28,https://i.ytimg.com/vi/c1ZpwxTAOGk/maxresdefault.jpg
21,'ã€åˆè¦‹ã•ã‚“å¤§æ­“è¿ã€‘ä»Šæ—¥ã¯ã€ãƒœã‚«ãƒ­æ›²ãŒæ­Œã„ãŸã„â€ï¼ï¼â­ï¸ãƒœã‚«ãƒ­ã‚½ãƒ³ã‚°ç¸›ã‚Šæ­Œé…ä¿¡ï¼ã€€Singing Streamã€ #æ˜Ÿé™ã“ã‚† #æ­Œé…ä¿¡ #karaoke ã€‘,https://www.youtube.com/watch?v=n67jfcJPc74,2023-12-17,https://i.ytimg.com/vi/n67jfcJPc74/maxresdefault.jpg
22,'ã€æ­Œæ ã€‘ãƒªã‚¯ã‚¨ã‚¹ãƒˆæ›²ï¼†å¥½ããªæ­ŒãŸãã•ã‚“æ­Œã†ã‚‡ï¼ã€æ˜Ÿé™ã“ã‚†ï¼æ–°äººVtuberã€‘,https://www.youtube.com/watch?v=pt59HNtmv3A,2021-08-30,https://i.ytimg.com/vi/pt59HNtmv3A/maxresdefault.jpg
23,'ã€åˆè¦‹ã•ã‚“å¤§æ­“è¿ã€‘ã ã„ã™ããªã€Œãšã£ã¨çœŸå¤œä¸­ã§ã„ã„ã®ã«ã€‚ã€ç¸›ã‚Šæ­Œæ ã€ãšã¨ã¾ã‚ˆã®ä¸–ç•Œã«æµ¸ã£ã¦ã»ã—ãƒâ€¦ï¼ã€€Singing Streamã€ #æ˜Ÿé™ã“ã‚† #æ­Œé…ä¿¡ #karaoke ã€‘,https://www.youtube.com/watch?v=tly3Mn2ixq0,2023-11-15,https://i.ytimg.com/vi/tly3Mn2ixq0/maxresdefault.jpg
24,'ã€æ­Œæ /Singingã€‘ã†ãŸãŸãŸãŸãŸãŸã…èµ¤å­ã€æ˜Ÿé™ã“ã‚†ï¼æ–°äººVtuberã€‘,https://www.youtube.com/watch?v=7L0qD3c3w60,2022-01-31,https://i.ytimg.com/vi/7L0qD3c3w60/maxresdefault.jpg
25,'ã€#æ­Œæ  ã€‘åˆè¦‹ã•ã‚“å¤§æ­“è¿ï¼ãã«ãªã‚‹ãã«ãªã‚‹ç¸¦å‹é…ä¿¡ï¼#karaoke #shorts #short ã€ #æ˜Ÿé™ã“ã‚† ã€‘,https://www.youtube.com/watch?v=RCD1aVmTU38,2023-12-08,https://i.ytimg.com/vi/RCD1aVmTU38/maxresdefault.jpg
26,'ã€æ­Œæ /Singingã€‘é‡å¤§ç™ºè¡¨ã‚ã‚Šã®ã€æ­Œé…ä¿¡ã€ã€ï¼ã€ #æ˜Ÿé™ã“ã‚† ï¼æ–°äººVtuberã€‘,https://www.youtube.com/watch?v=FRyO2p51ReU,2022-06-23,https://i.ytimg.com/vi/FRyO2p51ReU/maxresdefault.jpg
27,'ã€ #4è‰²æ­Œåˆæˆ¦ã€‘ç™½çµ„ï¼“ç•ªæ‰‹ã€çœŸã£ç™½æµã‚Œæ˜Ÿã®èµ¤ã¡ã‚ƒã‚“æ­Œã„ã¾ã™ï¼ã€  #æ˜Ÿé™ã“ã‚†  ï¼ #ã“ã‚†ãƒ©ã‚¤ãƒ–ã€‘,https://www.youtube.com/watch?v=oGtKZV2nnRA,2023-03-06,https://i.ytimg.com/vi/oGtKZV2nnRA/maxresdefault.jpg
28,'ã€åˆè¦‹ã•ã‚“å¤§æ­“è¿ã€‘ãƒ¨ãƒ«ã‚·ã‚«ã•ã‚“ã®ãŠæ­ŒãŒã€€ã†ãŸã„ãŸãƒï¼ğŸŒŸã€€Singing Streamã€ #æ˜Ÿé™ã“ã‚† #æ­Œé…ä¿¡ã€‘,https://www.youtube.com/watch?v=H9Ht5cpTpFo,2023-06-07,https://i.ytimg.com/vi/H9Ht5cpTpFo/maxresdefault.jpg
29,'ã€åˆè¦‹ã•ã‚“å¤§æ­“è¿ã€‘ï¼˜æœˆæœ€åˆã®ã€æ­Œé…ä¿¡ï¼ğŸŒŸå¤ã€ç››ã‚Šä¸Šã’ã‚‹ï½¿ï¾ï¼ï¼ã€€Singing Streamã€ #æ˜Ÿé™ã“ã‚† #æ­Œé…ä¿¡ #karaoke ã€‘,https://www.youtube.com/watch?v=ZdlWgd4u_-4,2023-08-01,https://i.ytimg.com/vi/ZdlWgd4u_-4/maxresdefault.jpg
30,'ã€#æ­Œæ  ã€‘åˆè¦‹ã•ã‚“å¤§æ­“è¿ï¼ãƒªã‚¯ã‚¨ã‚¹ãƒˆOKæ­Œé…ä¿¡â­ï¸#karaoke #shorts #short ã€ #æ˜Ÿé™ã“ã‚† ã€‘,https://www.youtube.com/watch?v=HNrZRt-hS5g,2023-12-21,https://i.ytimg.com/vi/HNrZRt-hS5g/maxresdefault.jpg
31,'ã€#æ­Œæ  ã€‘è‡ªç”±ãªç¸¦å‹æ­Œé…ä¿¡ï¼â­ï¸ä¹…ã€…YouTubeï¼ #karaoke #shorts #short ã€ #æ˜Ÿé™ã“ã‚† ã€‘,https://www.youtube.com/watch?v=audY8UxuYHk,2024-03-27,https://i.ytimg.com/vi/audY8UxuYHk/maxresdefault.jpg
32,'ã€ #æ­Œæ  ã€‘ä¹…ã—ã¶ã‚Šã«ï¼â­ï¸è‡ªç”±ãªç¸¦å‹æ­Œæ ï¼ï¼ #karaoke  #shorts #short ã€ #æ˜Ÿé™ã“ã‚† ã€‘,https://www.youtube.com/watch?v=z_GIvn7HFsk,2024-07-29,https://i.ytimg.com/vi/z_GIvn7HFsk/maxresdefault.jpg
33,'ã€ #åˆè¦‹æ­“è¿ ã€‘ã€ãƒ¨ãƒ«ã‚·ã‚«ã€ã«ã€æµ¸ã‚‹å¤œã€‚ãƒ¨ãƒ«ã‚·ã‚«ç¸›ã‚Šæ­Œæ â­ï¸ã€ #æ˜Ÿé™ã“ã‚† #æ­Œæ  #vtuber  #KARAOKE ã€‘,https://www.youtube.com/watch?v=EQo5h4lQUFI,2025-02-25,https://i.ytimg.com/vi/EQo5h4lQUFI/maxresdefault.jpg
34,'ã€#æœªæ¥ã¸ã¤ãªãã”é•·å¯¿Vtuberãƒªãƒ¬ãƒ¼ã€‘ç§ã¯ç§ã‚’è«¦ã‚ãªã„ã€‚æµã‚Œæ˜Ÿã®ä»Šã¾ã§ã¨ã€ã“ã‚Œã‹ã‚‰ã€‚ã€ #æ˜Ÿé™ã“ã‚† #æ­Œæ  #vtuber  #KARAOKE ã€‘,https://www.youtube.com/watch?v=fXITRLn1BHI,2025-07-21,https://i.ytimg.com/vi/fXITRLn1BHI/maxresdefault.jpg
35,'ã€æ­Œæ ã€‘å¤ã®å¤œã€ã¾ã£ãŸã‚Šãƒãƒ©ãƒ¼ãƒ‰æ­Œã†ã‚“ãªã€æ˜Ÿé™ã“ã‚†ï¼æ–°äººVtuberã€‘,https://www.youtube.com/watch?v=HAZJ_sAO6Xo,2021-08-24,https://i.ytimg.com/vi/HAZJ_sAO6Xo/maxresdefault.jpg
36,'ã€åˆè¦‹ã•ã‚“å¤§æ­“è¿ã€‘ï¼’ï¼ï¼’ï¼”å¹´åˆã®ï¼æ­Œé…ä¿¡ï¼ï¼ä»Šå¹´ã‚‚ã€ã€Œã“ã‚†ã‚‰ã—ãã€å±Šã‘ã¾ã™ã€ã€ï¼ã€€Singing Streamã€ #æ˜Ÿé™ã“ã‚† #æ­Œé…ä¿¡ #karaoke ã€‘,https://www.youtube.com/watch?v=RLwINOlE8FM,2024-01-03,https://i.ytimg.com/vi/RLwINOlE8FM/maxresdefault.jpg
37,'ã€ #åˆè¦‹æ­“è¿ ã€‘ä¹…ã€…æ­Œæ ï¼å¥½ããªæ­Œã€ã¾ã£ãŸã‚Šæ­Œã£ã¦ã‚…ãã¾ã™ã­ğŸ¤ ğŸŒ ã€ #æ˜Ÿé™ã“ã‚† #æ­Œæ  #Vtuber #KARAOKE ã€‘,https://www.youtube.com/watch?v=L0d2wPQEu20,2024-10-04,https://i.ytimg.com/vi/L0d2wPQEu20/maxresdefault.jpg
38,'ã€æ­Œæ /Singingã€‘æ­Œãƒªãƒ¬ãƒ¼å‰æ—¥ï¼æº–å‚™ï¾€ï¾ï¼ï¼ï¼ã€ #æ˜Ÿé™ã“ã‚† ï¼æ–°äººVtuberã€‘,https://www.youtube.com/watch?v=sZo2KEVEp4M,2022-05-04,https://i.ytimg.com/vi/sZo2KEVEp4M/maxresdefault.jpg
39,'ã€æ­Œæ /Singingã€‘ãã‚‡ã†ã¯ã€ã‚ã«ãã‚“ã€ã±ãƒ¼ã¦ãƒï¼ã€æ˜Ÿé™ã“ã‚†ï¼æ–°äººVtuberã€‘,https://www.youtube.com/watch?v=oNJO1TpTqX8,2022-02-25,https://i.ytimg.com/vi/oNJO1TpTqX8/maxresdefault.jpg
40,'ã€ #åˆè¦‹æ­“è¿ ã€‘ï¼‘ï¼‘æœˆã€ã®ã‚“ã³ã‚Šãƒãƒ©ãƒ¼ãƒ‰ãŒæ­Œã„ãŸã„æ­Œæ ğŸ¤ ğŸŒ ã€ #æ˜Ÿé™ã“ã‚† #æ­Œæ  #Vtuber #KARAOKE ã€‘,https://www.youtube.com/watch?v=IcY1uPmcExc,2024-11-01,https://i.ytimg.com/vi/IcY1uPmcExc/maxresdefault.jpg
41,'ã€åˆè¦‹ã•ã‚“å¤§æ­“è¿ã€‘å¤ã®å¤œã€å±Šã‘ãŸã„ãƒãƒ©ãƒ¼ãƒ‰æ›²â•ğŸŒŸã€€Singing Streamã€ #æ˜Ÿé™ã“ã‚† #æ­Œé…ä¿¡ #karaoke ã€‘,https://www.youtube.com/watch?v=KsfpIJJGJwY,2023-08-08,https://i.ytimg.com/vi/KsfpIJJGJwY/maxresdefault.jpg
42,'ã€ #åˆè¦‹æ­“è¿ ã€‘ä»Šæ—¥ã‚‚ãŠç–²ã‚Œæ§˜ã€‚ã®ã‚“ã³ã‚Šæ·±å¤œãƒãƒ©ãƒ¼ãƒ‰æ­Œæ â­ï¸ã€ #æ˜Ÿé™ã“ã‚† #æ­Œæ  #vtuber  #KARAOKE ã€‘,https://www.youtube.com/watch?v=6UGFEOJfX0Y,2025-05-27,https://i.ytimg.com/vi/6UGFEOJfX0Y/maxresdefault.jpg
43,'ã€æ­Œæ ã€‘ã¼ãƒ¼ã‹ã‚ã„ã©ã¯ã€ã™ãã§ã™ã‹ï¼ã€æ˜Ÿé™ã“ã‚†ï¼æ–°äººVtuberã€‘,https://www.youtube.com/watch?v=ANjFtHQlROU,2021-12-11,https://i.ytimg.com/vi/ANjFtHQlROU/maxresdefault.jpg
44,'ã€æ­Œæ /Singingã€‘ã‚ã‹ã¡ã‚ƒã‚“ãŒã€ã‚¢ã‚«ãƒšãƒ©ã§æ­Œã†ã£ã¦ã‚‡ã€€ï½±ï½°ï½²ï¼ã€ #æ˜Ÿé™ã“ã‚† ï¼æ–°äººVtuberã€‘,https://www.youtube.com/watch?v=7vKNm12QUHM,2022-03-09,https://i.ytimg.com/vi/7vKNm12QUHM/maxresdefault.jpg
45,'ã€ #åˆè¦‹æ­“è¿ ã€‘ä¼‘æ­¢å‰æœ€å¾Œã®æ­Œæ ğŸ¤ ğŸŒ ã¿ã‚“ãªã«å±Šã‘ãŸã„ãŠæ­Œã‚’ã€å¥½ããªã ã‘â€¦ï¼ã€ #æ˜Ÿé™ã“ã‚† #æ­Œæ  #Vtuber #KARAOKE ã€‘,https://www.youtube.com/watch?v=27rtQ6KG-jg,2024-11-28,https://i.ytimg.com/vi/27rtQ6KG-jg/maxresdefault.jpg
46,'ã€åˆè¦‹ã•ã‚“å¤§æ­“è¿ã€‘å¤œæ³£ãèµ¤å­ã®ã€å¯ã‹ã—ã¤ã‘æ ã€  #æ˜Ÿé™ã“ã‚†  ï¼ #æ–°äººVtuberã€‘,https://www.youtube.com/watch?v=kYhPMAGfjdY,2022-11-11,https://i.ytimg.com/vi/kYhPMAGfjdY/maxresdefault.jpg
47,'ã€åˆè¦‹ã•ã‚“æ­“è¿ã€‘ã®ã‚“ã³ã‚Šã†ãŸã†ãŸã†ãŸã…~ã€ #æ˜Ÿé™ã“ã‚† ï¼ #æ–°äººVtuberã€‘,https://www.youtube.com/watch?v=uN3Xjs1bsvw,2022-09-09,https://i.ytimg.com/vi/uN3Xjs1bsvw/maxresdefault.jpg
48,'ã€ #åˆè¦‹æ­“è¿ ã€‘ã‚¢ãƒ‹ã‚½ãƒ³ç¸›ã‚Šï¼ï¼è‡ªç”±ãªæ­Œæ ğŸ¤ ğŸŒ ã€ #æ˜Ÿé™ã“ã‚† #æ­Œæ  #Vtuber #KARAOKE ã€‘,https://www.youtube.com/watch?v=_lGwIVHXD84,2024-10-21,https://i.ytimg.com/vi/_lGwIVHXD84/maxresdefault.jpg
49,'ã€åˆè¦‹ã•ã‚“å¤§æ­“è¿ã€‘Vãƒ—ãƒ©ãƒã€€ã‚ªãƒ¼ãƒ‡ã‚£ã‚·ãƒ§ãƒ³åˆæ—¥ï¼æ±ºæ„è¡¨æ˜ã¨ã€æ˜Ÿã®æ­Œã‚’å±Šã‘ã‚‹æµã‚Œæ˜Ÿâ­ï¸ã€€Singing Streamã€ #æ˜Ÿé™ã“ã‚† #æ­Œé…ä¿¡ #karaoke ã€‘,https://www.youtube.com/watch?v=7oo6SWcx-rg,2023-09-18,https://i.ytimg.com/vi/7oo6SWcx-rg/maxresdefault.jpg
50,'ã€ #åˆè¦‹æ­“è¿ ã€‘é€±æœ«å‰ã«ã€ã®ã‚“ã³ã‚Šãƒãƒ©ãƒ¼ãƒ‰ã«æµ¸ã‚‹å¤œã€‚ã€ #æ˜Ÿé™ã“ã‚† #æ­Œæ  #vtuber  #KARAOKE ã€‘,https://www.youtube.com/watch?v=ZqrbWh8Vh60,2025-04-18,https://i.ytimg.com/vi/ZqrbWh8Vh60/maxresdefault.jpg
51,'ã€åˆè¦‹ã•ã‚“å¤§æ­“è¿ã€‘æµã‚Œæ˜ŸãŒå±Šã‘ã‚‹ã€æ˜Ÿã®æ­Œã€€â•ğŸŒŸã€€Singing Streamã€ #æ˜Ÿé™ã“ã‚† #æ­Œé…ä¿¡ #karaoke ã€‘,https://www.youtube.com/watch?v=daKb_QiSPYg,2023-08-06,https://i.ytimg.com/vi/daKb_QiSPYg/maxresdefault.jpg
52,'ã€ #æ­Œæ  ã€‘æ–°PCåˆï¼ç¸¦å‹æ­Œæ ã€ãƒªãƒ™ãƒ³ã‚¸ï¼â­ï¸ #karaoke  #shorts #short ã€ #æ˜Ÿé™ã“ã‚† ã€‘,https://www.youtube.com/watch?v=pX4_fwp-k1s,2025-04-04,https://i.ytimg.com/vi/pX4_fwp-k1s/maxresdefault.jpg
53,'ã€æ­Œæ /Singingã€‘ãƒãƒ£ãƒ³ãƒãƒ«ç™»éŒ²è€…æ•°1000äººè€ä¹…ï¼æ­Œé…ä¿¡ãªã‚“ãªã€ã€ï¼ã€æ˜Ÿé™ã“ã‚†ï¼æ–°äººVtuberã€‘,https://www.youtube.com/watch?v=lmzFNTy8EAI,2022-01-07,https://i.ytimg.com/vi/lmzFNTy8EAI/sddefault.jpg?v=61d7bbac
54,'ã€æ­Œæ /Singingã€‘ãƒãƒ­ãƒ—ãƒ­ã£ã¦çŸ¥ã£ã¦ã‚‹ã‹ãƒã€æ˜Ÿé™ã“ã‚†ï¼æ–°äººVtuberã€‘,https://www.youtube.com/watch?v=J5fOBbwJ-sY,2021-12-29,https://i.ytimg.com/vi/J5fOBbwJ-sY/maxresdefault.jpg
55,'ã€ï¼ƒãƒãƒ­ãƒ—ãƒ­æ­Œæ ãƒªãƒ¬ãƒ¼ã€‘ãƒãƒ­ãƒ—ãƒ­ã ã„ã™ãèµ¤ã¡ã‚ƒã‚“ã€ã‹ã£ã“ã‚ˆã•ã‚’è¦‹ã›ã¤ã‘ã¡ã‚ƒã„ã¾ã™ï¼ã€€Singing Streamã€ #æ˜Ÿé™ã“ã‚† #æ­Œé…ä¿¡ #karaoke ã€‘,https://www.youtube.com/watch?v=RO0iAnIKZQo,2021-09-02,https://i.ytimg.com/vi/RO0iAnIKZQo/maxresdefault.jpg
56,'ã€ #ãƒãƒ­ãƒ—ãƒ­æ­Œæ WEEK ã€‘ãƒãƒ­ãƒ—ãƒ­å¤§å¥½ãï¼æµã‚Œæ˜Ÿã®èµ¤ã¡ã‚ƒã‚“ãŒã€å›ã«å±Šã‘ã¾ã™ï¼ğŸ‘¼ğŸ»â­ï¸ã€ #æ˜Ÿé™ã“ã‚† #æ­Œæ  #Vtuber #KARAOKE ã€‘,https://www.youtube.com/watch?v=AgkK8RKZ4FA,2024-09-19,https://i.ytimg.com/vi/AgkK8RKZ4FA/maxresdefault.jpg
57,'ã€æ­Œæ /Singingã€‘ã‚‚ã†ã™ãæ˜¥ã§ã™ï¾ˆï¼ï¼ï¼ï¼æ˜¥ã®ãŠæ­Œç¸›ã‚Šæ­Œé…ä¿¡ï¼ã€ #æ˜Ÿé™ã“ã‚† ï¼æ–°äººVtuberã€‘,https://www.youtube.com/watch?v=uWHUu70l30I,2022-03-19,https://i.ytimg.com/vi/uWHUu70l30I/maxresdefault.jpg
58,'ã€ #å¤ãƒ•ã‚§ã‚¹Væ­Œãƒªãƒ¬ãƒ¼ ã€‘å¤ã¯ã¾ã ã¾ã ã“ã‚Œã‹ã‚‰ï¼èµ¤å­ã€ç››ã‚Šä¸Šã’ã‚‹ã‚‡ï¼ã€ #æ˜Ÿé™ã“ã‚† ï¼ #æ–°äººVtuberã€‘,https://www.youtube.com/watch?v=8telgpQ7AYE,2022-08-13,https://i.ytimg.com/vi/8telgpQ7AYE/maxresdefault.jpg
59,'ã€åˆè¦‹ã•ã‚“å¤§æ­“è¿ã€‘ä¹…ã€…æ­Œæ ï¼æµã‚Œæ˜Ÿã®èµ¤ã¡ã‚ƒã‚“ã®ãŠæ­Œã€èã„ã¦ãã ã•ã„ï¼â­ï¸ã€€Singing Streamã€ #æ˜Ÿé™ã“ã‚† #æ­Œé…ä¿¡ #karaoke ã€‘,https://www.youtube.com/watch?v=leUCLzTs-HU,2023-08-23,https://i.ytimg.com/vi/leUCLzTs-HU/maxresdefault.jpg
60,'ã€ #åˆè¦‹æ­“è¿ ã€‘å¤ã«ç¸‹ã‚Šã¤ã‘ã€‚å¤æ­Œç¸›ã‚Šã€€æ­Œæ ï¼ï¼ã€ #æ˜Ÿé™ã“ã‚† #æ­Œæ  #Vtuber #KARAOKE ã€‘,https://www.youtube.com/watch?v=4PLeWfaRY6E,2024-09-01,https://i.ytimg.com/vi/4PLeWfaRY6E/maxresdefault.jpg
61,'ã€æ­Œæ ã€‘ã‚ã«ãã‚“ï¼ï¼ï¼ï¼ï¼ã€æ˜Ÿé™ã“ã‚†ï¼æ–°äººVtuberã€‘,https://www.youtube.com/watch?v=fPF0AChLl-8,2021-09-04,https://i.ytimg.com/vi/fPF0AChLl-8/maxresdefault.jpg
62,'ã€åˆè¦‹ã•ã‚“å¤§æ­“è¿ã€‘ãƒªã‚¯ã‚¨ã‚¹ãƒˆã‚ã‚Šã®ã€€æ­Œé…ä¿¡ï¼ï¼ã€  #æ˜Ÿé™ã“ã‚†  ï¼ #æ–°äººVtuberã€‘,https://www.youtube.com/watch?v=kD29KhKKA9g,2022-10-05,https://i.ytimg.com/vi/kD29KhKKA9g/maxresdefault.jpg
63,'ã€ #åˆè¦‹æ­“è¿ ã€‘æ‡ãƒ¡ãƒ­ã‚¢ãƒ‹ã‚½ãƒ³ç¸›ã‚Šï¼çŸ¥ã£ã¦ã‚‹ãŠæ­Œã€ã‚ã‚Šã¾ã™ã‹â€¦ï¼ŸğŸ¤ ğŸŒ ã€ #æ˜Ÿé™ã“ã‚† #æ­Œæ  #Vtuber #KARAOKE ã€‘,https://www.youtube.com/watch?v=Q-3RdiF3qwc,2024-10-08,https://i.ytimg.com/vi/Q-3RdiF3qwc/maxresdefault.jpg
64,'ã€åˆè¦‹ã•ã‚“å¤§æ­“è¿ã€‘ã‚ã«ãã‚“ï¼ï¼ï¼ã†ãŸãŠã…ï¼ï¼ï¼ï¼ã€ #æ˜Ÿé™ã“ã‚† ï¼ #æ–°äººVtuberã€‘,https://www.youtube.com/watch?v=Z6MICaE1wbI,2022-09-23,https://i.ytimg.com/vi/Z6MICaE1wbI/maxresdefault.jpg
65,'ã€ #æ­Œæ  ã€‘è¯é‡‘ï¼ä¹…ã€…ã«ç¸¦å‹è‡ªç”±æ­Œæ ã‚‡~~~ï¼â­ï¸ #karaoke  #shorts #short ã€ #æ˜Ÿé™ã“ã‚† ã€‘,https://www.youtube.com/watch?v=UwFh-eCwQZg,2025-06-06,https://i.ytimg.com/vi/UwFh-eCwQZg/maxresdefault.jpg
66,'ã€åˆè¦‹ã•ã‚“æ­“è¿ã€‘KAWAIIãŸãã•ã‚“æ­Œé…ä¿¡ï¼ï¼ã€ #æ˜Ÿé™ã“ã‚† ï¼ #æ–°äººVtuberã€‘,https://www.youtube.com/watch?v=y6cVnxfCwDc,2022-08-28,https://i.ytimg.com/vi/y6cVnxfCwDc/maxresdefault.jpg
67,'ã€ #åˆè¦‹æ­“è¿ ã€‘ãƒªã‚¯ã‚¨ã‚¹ãƒˆOKğŸŒŸã“ã‚†ã«ã—ã¦ã¯ä¹…ã€…ã‚½ãƒ­æ­Œæ ï¼ï¼ã€ #æ˜Ÿé™ã“ã‚† #æ­Œæ  #Vtuber #KARAOKE ã€‘,https://www.youtube.com/watch?v=okVnJ8VwRoE,2024-07-28,https://i.ytimg.com/vi/okVnJ8VwRoE/maxresdefault.jpg
68,'ã€ #æ­Œæ  ã€‘åˆè¦‹ã•ã‚“å¤§æ­“è¿ï¼â­ï¸è‡ªç”±ã™ãã‚‹èµ¤ã¡ã‚ƒã‚“ã®æ­Œæ ï¼ #karaoke  #shorts #short ã€ #æ˜Ÿé™ã“ã‚† ã€‘,https://www.youtube.com/watch?v=Xai97_lndDo,2025-07-01,https://i.ytimg.com/vi/Xai97_lndDo/maxresdefault.jpg
69,'ã€#2æ¬¡å…ƒã‚¢ã‚¤ãƒ‰ãƒ«æ­Œæ ãƒªãƒ¬ãƒ¼ã€‘ã‚­ãƒ©ã‚­ãƒ©ã‚¢ã‚¤ãƒ‰ãƒ«Vtuberç›®æŒ‡ã—ã¦ï¼ã“ã‚†ã€æ­Œã„ã¾ã™ï¼ï¼â­ï¸ã€€Singing Streamã€ #æ˜Ÿé™ã“ã‚† #æ­Œé…ä¿¡ #karaoke ã€‘,https://www.youtube.com/watch?v=WSjfVM7He1A,2023-11-23,https://i.ytimg.com/vi/WSjfVM7He1A/maxresdefault.jpg
70,'ã€åˆè¦‹ã•ã‚“å¤§æ­“è¿ã€‘ï¾‘ï½¼ï¾‘ï½¼æš‘ã„å¤œã‚’å¹ãé£›ã°ã™ãŠæ­Œï¼ğŸŒŸãƒªã‚¯ã‚¨ã‚¹ãƒˆæœ‰ï¼ã€€Singing Streamã€ #æ˜Ÿé™ã“ã‚† #æ­Œé…ä¿¡ #karaoke ã€‘,https://www.youtube.com/watch?v=kImQZJaTCbw,2023-06-16,https://i.ytimg.com/vi/kImQZJaTCbw/maxresdefault.jpg
71,'ã€ #GWVæ­Œãƒªãƒ¬ãƒ¼ ã€‘ã“ã©ã‚‚ã®æ—¥ã€ã¤ã¾ã‚Šèµ¤ã¡ã‚ƒã‚“ã®æ—¥ï¼æ­Œãƒªãƒ¬ãƒ¼ï¾€ï¾ï¼ï¼ï¼ã€ #æ˜Ÿé™ã“ã‚† ï¼ #æ–°äººVtuberã€‘,https://www.youtube.com/watch?v=BqKrp12dzdg,2022-05-05,https://i.ytimg.com/vi/BqKrp12dzdg/maxresdefault.jpg
72,'ã€åˆè¦‹ã•ã‚“å¤§æ­“è¿ã€‘ç§‹ãŒããŸã‚ã‚‡ï¼ï¼ï¼ï¼ï¼ï¼ï¼ï¼ï¼ç§‹æ­Œï¼ï¼ã€ #æ˜Ÿé™ã“ã‚† ï¼ #æ–°äººVtuberã€‘,https://www.youtube.com/watch?v=nXmGjCytZk4,2022-09-26,https://i.ytimg.com/vi/nXmGjCytZk4/maxresdefault.jpg
73,'ã€åˆè¦‹ã•ã‚“å¤§æ­“è¿ã€‘ã‚¯ãƒªã‚¹ãƒã‚¹ã«ã¯ã€ã“ã‚†ã®ãŠæ­Œã ã‚‡ï¾ˆï¼ï¼Ÿï¼Ÿï¼Ÿã€  #æ˜Ÿé™ã“ã‚†  ï¼ #æ–°äººVtuberã€‘,https://www.youtube.com/watch?v=tBmZNTmjE4k,2022-12-25,https://i.ytimg.com/vi/tBmZNTmjE4k/maxresdefault.jpg
74,'ã€åˆè¦‹ã•ã‚“å¤§æ­“è¿ã€‘Vãƒ—ãƒ©ãƒã‚ªãƒ¼ãƒ‡ã‚£ã‚·ãƒ§ãƒ³æœ€çµ‚æ—¥å‰æ—¥ã€æ°—åˆã„å…¥ã‚Œæ­Œé…ä¿¡â€¦ï¼ï¼â­ï¸ã€€Singing Streamã€ #æ˜Ÿé™ã“ã‚† #æ­Œé…ä¿¡ #karaoke ã€‘,https://www.youtube.com/watch?v=z2NmxdVeOW8,2023-09-23,https://i.ytimg.com/vi/z2NmxdVeOW8/maxresdefault.jpg
75,'ã€ #åˆè¦‹æ­“è¿ ã€‘æµã‚Œæ˜Ÿã®ã‚ã‹ã¡ã‚ƒã‚“ã€å¥½ããªæ›²ã‚’å±Šã‘ã¾ã™ğŸ’­ğŸ‘¼ğŸ»ã€ #æ˜Ÿé™ã“ã‚† #æ­Œæ  #Vtuber #KARAOKE ã€‘,https://www.youtube.com/watch?v=b5JauY_S1fs,2024-09-10,https://i.ytimg.com/vi/b5JauY_S1fs/maxresdefault.jpg
76,'ã€åˆè¦‹ã•ã‚“å¤§æ­“è¿ã€‘æ¶¼ã—ã•æ„Ÿã˜ã‚‹ å¤œã«èããŸã„ æ­Œé…ä¿¡ï¼ã€€Singing Streamã€ #æ˜Ÿé™ã“ã‚† #æ­Œé…ä¿¡ #karaoke ã€‘,https://www.youtube.com/watch?v=YPyTPsrVyWQ,2023-09-04,https://i.ytimg.com/vi/YPyTPsrVyWQ/maxresdefault.jpg
77,'ã€ #åˆè¦‹æ­“è¿ ã€‘ãƒªã‚¯ã‚¨ã‚¹ãƒˆOKï¼è‡ªç”±ãªæ­Œæ ï¼ï¼ğŸ¤ ğŸŒ ã€ #æ˜Ÿé™ã“ã‚† #æ­Œæ  #Vtuber #KARAOKE ã€‘,https://www.youtube.com/watch?v=5Tgnjgzxa18,2024-10-26,https://i.ytimg.com/vi/5Tgnjgzxa18/maxresdefault.jpg
78,'ã€æ­Œæ /Singingã€‘æœ€è¿‘ã®ãŠæ°—ã«å…¥ã‚ŠãŠæ­Œã€èã„ã¦ã»ã—ãƒï¾…ï¼ï¼ï¼ï¼ï¼ã€ #æ˜Ÿé™ã“ã‚† ï¼æ–°äººVtuberã€‘,https://www.youtube.com/watch?v=fWSW76rrCL8,2022-06-13,https://i.ytimg.com/vi/fWSW76rrCL8/maxresdefault.jpg
79,'ã€åˆè¦‹ã•ã‚“å¤§æ­“è¿ã€‘æ€¥é½ã¯ã˜ã¾ã‚‹4100äººè€ä¹…æ­Œé…ä¿¡ï¼ï¼ï¼–æœˆã¾ã§ã«é”æˆã—ãŸãƒï¼ã€€Singing Streamã€ #æ˜Ÿé™ã“ã‚† #æ­Œé…ä¿¡ã€‘,https://www.youtube.com/watch?v=nhcJ7X1Gtkg,2023-05-31,https://i.ytimg.com/vi/nhcJ7X1Gtkg/maxresdefault.jpg
80,'ã€ #åˆè¦‹æ­“è¿ ã€‘å£°ãŒã¾ãŸå¾©æ´»ã—ã¦ããŸã®ã§ï¼æ‰‹è¡“å¾Œãƒªãƒãƒ“ãƒªæ­Œæ ï¼ï¼ã€ #æ˜Ÿé™ã“ã‚† #æ­Œæ  #vtuber  #KARAOKE ã€‘,https://www.youtube.com/watch?v=1yMVD5fNDNk,2025-03-13,https://i.ytimg.com/vi/1yMVD5fNDNk/maxresdefault.jpg
81,'ã€ #åˆè¦‹æ­“è¿ ã€‘ä¹…ã€…ã®â•ã‚¢ãƒ‹ã‚½ãƒ³ç¸›ã‚Šæ­Œæ ğŸ¤ğŸ“ºã€ #æ˜Ÿé™ã“ã‚† #æ­Œæ  #vtuber  #KARAOKE ã€‘,https://www.youtube.com/watch?v=SNNZvnAWuv0,2025-04-03,https://i.ytimg.com/vi/SNNZvnAWuv0/maxresdefault.jpg
82,'ã€ #åˆè¦‹æ­“è¿ ã€‘æ‡ãƒ¡ãƒ­ã‚¢ãƒ‹ã‚½ãƒ³â€¦ã†ãŸã„ãŸãƒ¼ãƒ¼ãƒ¼ãƒ¼ãƒ¼ã„ï¼ã€ #æ˜Ÿé™ã“ã‚† #æ­Œæ  #Vtuber #KARAOKE ã€‘,https://www.youtube.com/watch?v=4ju0xFDBGjs,2024-08-12,https://i.ytimg.com/vi/4ju0xFDBGjs/maxresdefault.jpg
83,'ã€ #åˆè¦‹æ­“è¿ ã€‘é‡‘æ›œãªã®ã§ã€ãƒãƒ©ãƒ¼ãƒ‰ã«æµ¸ã‚Šã¾ã™ã€‚ğŸ¤ ğŸŒ ã€ #æ˜Ÿé™ã“ã‚† #æ­Œæ  #Vtuber #KARAOKE ã€‘,https://www.youtube.com/watch?v=y9WRoa8Y4Zk,2024-11-22,https://i.ytimg.com/vi/y9WRoa8Y4Zk/maxresdefault.jpg
84,'ã€åˆè¦‹ã•ã‚“å¤§æ­“è¿ã€‘ã†ãŸã¿ãŸãã„ãŸ~ï¼ï¼Ÿï¼Ÿã€€ã¾ã æ­Œã„è¶³ã‚Šãªã„æ­Œæ ï¼ã€ #æ˜Ÿé™ã“ã‚† ï¼ #æ–°äººVtuberã€‘,https://www.youtube.com/watch?v=NA5UUdFXVNc,2022-09-30,https://i.ytimg.com/vi/NA5UUdFXVNc/maxresdefault.jpg
85,'ã€ #åˆè¦‹æ­“è¿ ã€‘ä¸ƒå¤•ï¼æµã‚Œæ˜Ÿã®èµ¤ã¡ã‚ƒã‚“ã€æ˜Ÿã«ã¾ã¤ã‚ã‚‹æ­Œã‚’å±Šã‘ã¾ã™â€¦ï¼ã€ #æ˜Ÿé™ã“ã‚† #æ­Œæ  #vtuber  #KARAOKE ã€‘,https://www.youtube.com/watch?v=OgiMPjIiYkM,2025-07-07,https://i.ytimg.com/vi/OgiMPjIiYkM/maxresdefault.jpg
86,'ã€æ­Œæ ã€‘ä¹…ã€…ã«ã€ã™ããªã†ãŸã€ãŸãã•ã‚“ï¼ã€æ˜Ÿé™ã“ã‚†ï¼æ–°äººVtuberã€‘,https://www.youtube.com/watch?v=N-Qpax6cSSY,2021-11-26,https://i.ytimg.com/vi/N-Qpax6cSSY/maxresdefault.jpg
87,'ã€åˆè¦‹ã•ã‚“å¤§æ­“è¿ã€‘è¦šãˆãŸã¦ã®ãŠæ­Œã‚‚ï¼è‡ªç”±ãªãŠæ­Œé…ä¿¡â­ï¸ï¼ã€€Singing Streamã€ #æ˜Ÿé™ã“ã‚† #æ­Œé…ä¿¡ #karaoke ã€‘,https://www.youtube.com/watch?v=YwdFfYaOdJU,2023-10-04,https://i.ytimg.com/vi/YwdFfYaOdJU/maxresdefault.jpg
88,'ã€#æ­Œæ  ã€‘ãƒªã‚¯ã‚¨ã‚¹ãƒˆOKæ­Œé…ä¿¡â­ï¸å¥½ããªã ã‘æ­Œã£ã¡ã‚ƒã…ï¼ï¼#karaoke #shorts #short ã€ #æ˜Ÿé™ã“ã‚† ã€‘,https://www.youtube.com/watch?v=vDHNnW1nk2E,2024-01-08,https://i.ytimg.com/vi/vDHNnW1nk2E/maxresdefault.jpg
89,'ã€æ­Œæ /Singingã€‘ã†ãŸã¿ãŸã€ããã¾ã—ãŸï½¶ã€ã€ã€ï¼Ÿã€ #æ˜Ÿé™ã“ã‚† ï¼æ–°äººVtuberã€‘,https://www.youtube.com/watch?v=2AAPSz9Bsi0,2022-05-08,https://i.ytimg.com/vi/2AAPSz9Bsi0/maxresdefault.jpg
90,'ã€åˆè¦‹ã•ã‚“å¤§æ­“è¿ã€‘ã¡ã‚‡ã£ã¨ä¹…ã€…ï¼Ÿãƒªã‚¯ã‚¨ã‚¹ãƒˆOK æ­Œé…ä¿¡ï¼ã€€Singing Streamã€ #æ˜Ÿé™ã“ã‚† #æ­Œé…ä¿¡ #karaoke ã€‘,https://www.youtube.com/watch?v=aoWauUaSY-0,2023-09-12,https://i.ytimg.com/vi/aoWauUaSY-0/maxresdefault.jpg
91,'ã€åˆè¦‹ã•ã‚“å¤§æ­“è¿ã€‘æ­Œã¿ãŸæ„Ÿæƒ³ä¼šï¼ç›®æŒ‡ã›ã‚¤ãƒ™ãƒ³ãƒˆä¸Šä½ï¼‘ï¼ï¼ä½ã€ã€ï¼ã€  #æ˜Ÿé™ã“ã‚†  ï¼ #æ–°äººVtuberã€‘,https://www.youtube.com/watch?v=gBj3rK7FFRM,2022-12-13,https://i.ytimg.com/vi/gBj3rK7FFRM/maxresdefault.jpg
92,'ã€ #åˆè¦‹æ­“è¿ ã€‘ãƒ¡ãƒ³ã‚·é–‹å§‹ã‹ã‚‰ï¼“å¹´ï¼ï¼“å¹´ç›®ï¾Šï¾ï½¯ï¾å…¬é–‹ï¼†ãƒªã‚¯ã‚¨ã‚¹ãƒˆOKæ­Œæ ï¼ï¼ã€ #æ˜Ÿé™ã“ã‚† #æ­Œæ  #vtuber  #KARAOKE ã€‘,https://www.youtube.com/watch?v=V5mLo4WBQ7g,2025-07-13,https://i.ytimg.com/vi/V5mLo4WBQ7g/maxresdefault.jpg
93,'ã€åˆè¦‹ã•ã‚“å¤§æ­“è¿ã€‘GWåˆæ—¥ï¼ãƒœã‚«ãƒ­ã†ãŸã„ãŸãƒ¼ãƒ¼ãƒ¼ãƒï¼ã€€Singing Streamã€ #æ˜Ÿé™ã“ã‚† #æ­Œé…ä¿¡ã€‘,https://www.youtube.com/watch?v=hMaMD4jGH2U,2023-05-01,https://i.ytimg.com/vi/hMaMD4jGH2U/maxresdefault.jpg
94,'ã€æ­Œæ /Singingã€‘ãƒœã‚«ãƒ­ã ã£ãŸã‚Šã€å¥½ããªãŠæ­ŒãŸãƒ¼ãã•ã‚“ï¼ã€ #æ˜Ÿé™ã“ã‚† ï¼æ–°äººVtuberã€‘,https://www.youtube.com/watch?v=54zNL4Y5A08,2022-04-19,https://i.ytimg.com/vi/54zNL4Y5A08/maxresdefault.jpg
95,'ã€ #åˆè¦‹æ­“è¿  ã€‘ãƒœã‚«ãƒ‡ãƒ¥ã‚ªæ„Ÿæƒ³ï¼†ã®ã‚“ã³ã‚Šæ­Œæ ï¼ï¼ã€ #æ˜Ÿé™ã“ã‚† #æ­Œæ  #Vtuber #KARAOKE ã€‘,https://www.youtube.com/watch?v=2wVPl64RT8g,2024-07-05,https://i.ytimg.com/vi/2wVPl64RT8g/maxresdefault.jpg
96,'ã€åˆè¦‹ã•ã‚“å¤§æ­“è¿ã€‘ã²ã•ã³ã•ã†ãŸã†ãŸã†ãŸã†ãŸãƒã€€Singing Streamã€ #æ˜Ÿé™ã“ã‚† #æ­Œé…ä¿¡ã€‘,https://www.youtube.com/watch?v=Y_1P4vx1Tz0,2023-05-16,https://i.ytimg.com/vi/Y_1P4vx1Tz0/maxresdefault.jpg
97,'ã€åˆè¦‹ã•ã‚“å¤§æ­“è¿ã€‘ã“ã®èµ¤å­ã€æ»‘èˆŒã«è‡ªä¿¡ã‚ã‚Šï¼æ—©å£æ›²ç¸›ã‚Šæ­Œé…ä¿¡ï¼ï¼ã€€Singing Streamã€ #æ˜Ÿé™ã“ã‚† #æ­Œé…ä¿¡ #karaoke ã€‘,https://www.youtube.com/watch?v=fXq6ITG-Zrc,2023-12-26,https://i.ytimg.com/vi/fXq6ITG-Zrc/maxresdefault.jpg
98,'ã€ #åˆè¦‹æ­“è¿ ã€‘ãƒœã‚«ãƒ­ç¸›ã‚Šï¼â­ï¸ğŸ¤æ­Œã†ã‚ã‚‡ï¼ï¼ï¼ï¼ï¼ï¼ï¼ï¼ã€ #æ˜Ÿé™ã“ã‚† #æ­Œæ  #Vtuber #KARAOKE ã€‘,https://www.youtube.com/watch?v=pVF7opBiu5s,2024-08-11,https://i.ytimg.com/vi/pVF7opBiu5s/maxresdefault.jpg
99,'ã€æ­Œæ /Singingã€‘ãƒ”ã‚¢ãƒä¼´å¥ã§ã€å­å®ˆæ­Œã€‚ã€ #æ˜Ÿé™ã“ã‚† ï¼æ–°äººVtuberã€‘,https://www.youtube.com/watch?v=lOIiuc1Bl-g,2022-05-17,https://i.ytimg.com/vi/lOIiuc1Bl-g/maxresdefault.jpg
100,'ã€åˆè¦‹ã•ã‚“å¤§æ­“è¿ã€‘æ–°ã—ã„ãŠæ­Œã€ãŸãã•ã‚“è¦šãˆã¾ã—ãŸã‚ƒã•ã‚“ã€  #æ˜Ÿé™ã“ã‚†  ï¼ #æ–°äººVtuberã€‘,https://www.youtube.com/watch?v=LjhUGAYbTMQ,2022-10-25,https://i.ytimg.com/vi/LjhUGAYbTMQ/maxresdefault.jpg
101,'ã€åˆè¦‹ã•ã‚“å¤§æ­“è¿ã€‘å†¬ãŒã€æ¥ãŸã¿ãŸãƒã€‚å†¬æ­Œç¸›ã‚Šæ­Œé…ä¿¡ï¼ã€€Singing Streamã€ #æ˜Ÿé™ã“ã‚† #æ­Œé…ä¿¡ #karaoke ã€‘,https://www.youtube.com/watch?v=fzZJVKbglpg,2023-11-21,https://i.ytimg.com/vi/fzZJVKbglpg/maxresdefault.jpg
102,'ã€ #åˆè¦‹æ­“è¿ ã€‘ãƒãƒƒãƒ”ãƒ¼ãƒãƒ¬ãƒ³ã‚¿ã‚¤ãƒ³ï¼å›ã«å±Šã‘ã‚‹ã€ã€Œæ„›ã®æ­Œã€â¤ï¸ã€ #æ˜Ÿé™ã“ã‚† #æ­Œæ  #vtuber  #KARAOKE ã€‘,https://www.youtube.com/watch?v=1_HoN5cvGLk,2025-02-14,https://i.ytimg.com/vi/1_HoN5cvGLk/maxresdefault.jpg
103,'ã€åˆè¦‹ã•ã‚“å¤§æ­“è¿ã€‘ã‚‚ã†ã™ãï¼‘å¹´ãŒçµ‚ã‚ã‚‹ã‚‡ã€ã®ã‚“ã³ã‚Šãƒãƒ©ãƒ¼ãƒ‰ç¸›ã‚Šæ­Œé…ä¿¡ï¼ã€€Singing Streamã€ #æ˜Ÿé™ã“ã‚† #æ­Œé…ä¿¡ #karaoke ã€‘,https://www.youtube.com/watch?v=9-pQGIjDzY4,2023-12-30,https://i.ytimg.com/vi/9-pQGIjDzY4/maxresdefault.jpg
104,'ã€åˆè¦‹ã•ã‚“æ­“è¿ã€‘1å‘¨å¹´å‰æ—¥æ­Œé…ä¿¡ï¼æœ€å¾Œã®å‘ŠçŸ¥ã‚ã‚Šâ€¦ï¼ï¼ã€ #æ˜Ÿé™ã“ã‚† ï¼ #æ–°äººVtuberã€‘,https://www.youtube.com/watch?v=d5EUhlkzKuo,2022-08-17,https://i.ytimg.com/vi/d5EUhlkzKuo/maxresdefault.jpg
105,'ã€åˆè¦‹ã•ã‚“å¤§æ­“è¿ã€‘ãƒœã‚«ãƒ­æ­Œã‚ã›ã¦ãã‚Œãªãƒï½¶ï¼ï¼ï¼Ÿï¼Ÿï¼Ÿï¼Ÿï¼Ÿã€  #æ˜Ÿé™ã“ã‚† ã€‘,https://www.youtube.com/watch?v=XiOxbQ5MF1c,2023-02-10,https://i.ytimg.com/vi/XiOxbQ5MF1c/maxresdefault.jpg
106,'ã€æ­Œæ /Singingã€‘ãƒœãƒ¼ã‚«ãƒ­ã‚¤ãƒ‰ã€ã™ãã§ã™ã‹ã€ã€ï¼Ÿã€ #æ˜Ÿé™ã“ã‚† ï¼æ–°äººVtuberã€‘,https://www.youtube.com/watch?v=lA87q80_woA,2022-06-10,https://i.ytimg.com/vi/lA87q80_woA/maxresdefault.jpg
107,'ã€#å¤ã®ãƒœã‚«ãƒ­è€äººä¼šæ­Œæ ãƒªãƒ¬ãƒ¼ã€‘ãƒ‹ã‚³ãƒ‹ã‚³ç”Ÿã¾ã‚Œãƒ‹ã‚³ãƒ‹ã‚³è‚²ã¡ã€èµ¤å­ãŒç››ã‚Šä¸Šã’ã¾ã™ï¼ï¼ã€ #æ˜Ÿé™ã“ã‚† #æ­Œæ  #Vtuber #KARAOKE ã€‘,https://www.youtube.com/watch?v=BSShqa9xafA,2024-07-14,https://i.ytimg.com/vi/BSShqa9xafA/maxresdefault.jpg
108,'ã€åˆè¦‹ã•ã‚“å¤§æ­“è¿ã€‘ãƒªãƒå‰æ—¥ï¼ãƒªã‚¯ã‚¨ã‚¹ãƒˆã‚ã‚ŠãŠæ­Œé…ä¿¡ã ã‚ã‚‡~ï¼ã€ #æ˜Ÿé™ã“ã‚† #ã“ã‚†ãƒ©ã‚¤ãƒ– ã€‘,https://www.youtube.com/watch?v=Mc1TgVF6vFo,2023-03-09,https://i.ytimg.com/vi/Mc1TgVF6vFo/maxresdefault.jpg
109,'ã€åˆè¦‹ã•ã‚“å¤§æ­“è¿ã€‘ãƒªã‚¯ã‚¨ã‚¹ãƒˆæœ‰ã®ã€€è‡ªç”±ãªæ­Œé…ä¿¡ï¼ğŸŒŸã€€Singing Streamã€ #æ˜Ÿé™ã“ã‚† #æ­Œé…ä¿¡ã€‘,https://www.youtube.com/watch?v=mwvvKAGTr6E,2023-06-09,https://i.ytimg.com/vi/mwvvKAGTr6E/maxresdefault.jpg
110,'ã€#æ­Œæ  ã€‘åˆè¦‹ã•ã‚“å¤§æ­“è¿ï¼â­ï¸è‡ªç”±ãªç¸¦å‹æ­Œé…ä¿¡ï¼ #karaoke #shorts #short ã€ #æ˜Ÿé™ã“ã‚† ã€‘,https://www.youtube.com/watch?v=KihglGxjsfw,2024-02-07,https://i.ytimg.com/vi/KihglGxjsfw/maxresdefault.jpg
111,'ã€åˆè¦‹ã•ã‚“å¤§æ­“è¿ã€‘ãƒœãƒ¼ã‚«ãƒ­ã‚¤ãƒ‰ã€å¥½ãã§ã™ã‹ï¼ãƒœã‚«ãƒ­ç¸›ã‚Šæ­Œæ ï¼ï¼ã€ #æ˜Ÿé™ã“ã‚† #karaoke #æ­Œé…ä¿¡  ã€‘,https://www.youtube.com/watch?v=2hVHBBPxzpk,2024-03-08,https://i.ytimg.com/vi/2hVHBBPxzpk/maxresdefault.jpg
112,'ã€ #åˆè¦‹æ­“è¿ ã€‘æ­Œæ ãƒªãƒ¬ãƒ¼å‰æ—¥ï¼ãƒœã‚«ãƒ­onlyè‡ªç”±ãªæ­Œæ ~~~ï¼ğŸŒŸã€ #æ˜Ÿé™ã“ã‚† #æ­Œæ  #Vtuber #KARAOKE ã€‘,https://www.youtube.com/watch?v=46jEk1HWQc4,2024-07-13,https://i.ytimg.com/vi/46jEk1HWQc4/maxresdefault.jpg
113,'ã€ #åˆè¦‹æ­“è¿ ã€‘ä»Šé€±ã® ãƒªãƒãƒ“ãƒªæ­Œæ ğŸ¤ğŸ«§ã€ #æ˜Ÿé™ã“ã‚† #æ­Œæ  #Vtuber #KARAOKE ã€‘,https://www.youtube.com/watch?v=mz4L5RTQnXw,2025-01-25,https://i.ytimg.com/vi/mz4L5RTQnXw/maxresdefault.jpg
114,'ã€ #åˆè¦‹æ­“è¿ ã€‘ãƒªã‚¯ã‚¨ã‚¹ãƒˆOKâ•è‡ªç”±ãªæ­Œæ ğŸ’­ã€ #æ˜Ÿé™ã“ã‚† #æ­Œæ  #Vtuber #KARAOKE ã€‘,https://www.youtube.com/watch?v=TDeI89uhMDU,2024-09-03,https://i.ytimg.com/vi/TDeI89uhMDU/maxresdefault.jpg
115,'ã€æ­Œæ / #V69 #ALLVERSEã€‘ã€ #æ˜Ÿé™ã“ã‚† ï¼æ–°äººVtuberã€‘,https://www.youtube.com/watch?v=3i47lAK4GSA,2022-06-05,https://i.ytimg.com/vi/3i47lAK4GSA/maxresdefault.jpg
116,'ã€ #åˆè¦‹æ­“è¿  ã€‘#æ¨ã—å¯¾ æ„Ÿæƒ³é›‘è«‡ï¼†ã®ã‚“ã³ã‚Šæ­Œæ  !â­ï¸!ã€ #æ˜Ÿé™ã“ã‚† #æ­Œæ  #Vtuber #KARAOKE ã€‘,https://www.youtube.com/watch?v=mC76h8iVolc,2024-06-18,https://i.ytimg.com/vi/mC76h8iVolc/maxresdefault.jpg
117,'ã€ #åˆè¦‹æ­“è¿  ã€‘æ¢…é›¨ã¨å¤ã®é–“ã€æ­Œæ ï¼ï¼ã€ #æ˜Ÿé™ã“ã‚† #æ­Œæ  #Vtuber #KARAOKE ã€‘,https://www.youtube.com/watch?v=MJZJD1C3uws,2024-06-27,https://i.ytimg.com/vi/MJZJD1C3uws/maxresdefault.jpg
118,'ã€åˆè¦‹ã•ã‚“å¤§æ­“è¿ã€‘å¤ãŒä¼¼åˆã†ã€ï½´ï½¹ï¾ï½¬ï¾ã§ã™ğŸŒŸå¤æ›²ç¸›ã‚Šï¼ã€€Singing Streamã€ #æ˜Ÿé™ã“ã‚† #æ­Œé…ä¿¡ #karaoke ã€‘,https://www.youtube.com/watch?v=g4xZehjyGe8,2023-07-12,https://i.ytimg.com/vi/g4xZehjyGe8/maxresdefault.jpg
119,'ã€åˆè¦‹ã•ã‚“å¤§æ­“è¿ã€‘ã¯ã˜ã‚ã¦ã®ã€ã“ã‚†ã ã‘ã®ã‚ªãƒªã‚¸ãƒŠãƒ«ã€‡ã€‡ãŠæŠ«éœ²ç›®â­ï¸ï¼ãŠæ­Œã‚‚ã†ãŸã†ã‚‡ï¼ã€€Singing Streamã€ #æ˜Ÿé™ã“ã‚† #æ­Œé…ä¿¡ #karaoke ã€‘,https://www.youtube.com/watch?v=OFSYQTdet9w,2023-09-27,https://i.ytimg.com/vi/OFSYQTdet9w/maxresdefault.jpg
120,'ã€åˆè¦‹ã•ã‚“å¤§æ­“è¿ã€‘ãƒªã‚¯ã‚¨ã‚¹ãƒˆOKâ•è‡ªç”±ãªæ­Œé…ä¿¡ğŸŒŸã€€Singing Streamã€ #æ˜Ÿé™ã“ã‚† #æ­Œé…ä¿¡ #karaoke ã€‘,https://www.youtube.com/watch?v=EYzXMC5C0ow,2023-08-11,https://i.ytimg.com/vi/EYzXMC5C0ow/maxresdefault.jpg
121,'ã€åˆè¦‹ã•ã‚“å¤§æ­“è¿ã€‘æ­Œæ ãƒªãƒ¬ãƒ¼æŒ¯ã‚Šè¿”ã‚Šï¼ï¼æ­Œã£ã¦ãªã„ãƒªã‚¯ã‚¨ã‚¹ãƒˆæ¥½æ›²å…¬é–‹ã—ã¦æ­Œã†ï¾‰ï¾€ï¾ï¼ã€€Singing Streamã€ #æ˜Ÿé™ã“ã‚† #æ­Œé…ä¿¡ #karaoke ã€‘,https://www.youtube.com/watch?v=tknmWy3qt4U,2024-01-15,https://i.ytimg.com/vi/tknmWy3qt4U/maxresdefault.jpg
122,'ã€åˆè¦‹ã•ã‚“å¤§æ­“è¿ã€‘ã‚ã‹ã”ã€ã ã„ã™ãã€ãƒœãƒ¼ã‚«ãƒ­ã‚¤ãƒ‰ï¼ï¼ï¼ã€  #æ˜Ÿé™ã“ã‚†  ï¼ #æ–°äººVtuberã€‘,https://www.youtube.com/watch?v=36uriFfx7kQ,2022-12-08,https://i.ytimg.com/vi/36uriFfx7kQ/maxresdefault.jpg
123,'ã€åˆè¦‹ã•ã‚“å¤§æ­“è¿ã€‘ã²ãªã¾ã¤ã‚Šãªã®ã§ã€ãã‚ƒã‚ã¡æ›²ç¥­ã‚Šã™ã‚‹ã‚ƒã€ #æ˜Ÿé™ã“ã‚† #ã“ã‚†ãƒ©ã‚¤ãƒ– ã€‘,https://www.youtube.com/watch?v=VVKIDktGkos,2023-03-03,https://i.ytimg.com/vi/VVKIDktGkos/maxresdefault.jpg
124,'ã€åˆè¦‹ã•ã‚“å¤§æ­“è¿ã€‘ãƒœãƒ¼ã‚«ãƒ­ã‚¤ãƒ‰ã¯ã€å¥½ãã§ã™ã‹ï¼ŸğŸŒŸãƒœã‚«ãƒ­æ›²ç¸›ã‚Šï¼ã€€Singing Streamã€ #æ˜Ÿé™ã“ã‚† #æ­Œé…ä¿¡ #karaoke ã€‘,https://www.youtube.com/watch?v=MbmRswZwQmU,2023-07-13,https://i.ytimg.com/vi/MbmRswZwQmU/maxresdefault.jpg
125,'ã€#å›ã¨ç§ã®æ­Œæ ãƒªãƒ¬ãƒ¼ã€‘èµ¤ã¡ã‚ƒã‚“ã¯ã€å›ã¨å¤ã‚’éã”ã—ãŸã„ï¼ï¼ã€€Singing Streamã€ #æ˜Ÿé™ã“ã‚† #æ­Œé…ä¿¡ #karaoke ã€‘,https://www.youtube.com/watch?v=yREFA3Ieh3U,2023-08-05,https://i.ytimg.com/vi/yREFA3Ieh3U/maxresdefault.jpg
126,'ã€æ­Œæ /Singingã€‘ãƒãƒ¬ãƒ³ã‚¿ã‚¤ãƒ³ç›´å‰ï¼ã‚ã¾ã‚ã¾ãã‚ƒã‚ã‚ãªãŠæ­Œã€ãŸãã•ã‚“ã†ãŸã…ï¼ã€æ˜Ÿé™ã“ã‚†ï¼æ–°äººVtuberã€‘,https://www.youtube.com/watch?v=kiHTAjNTXBU,2022-02-13,https://i.ytimg.com/vi/kiHTAjNTXBU/maxresdefault.jpg
127,'ã€æ­Œæ /Singingã€‘ã†ãŸã†ãï¼ï¼ï¼ãƒãƒ­ãƒ—ãƒ­ï¼ï¼ï¼ï¼ï¼ã€æ˜Ÿé™ã“ã‚†ï¼æ–°äººVtuberã€‘,https://www.youtube.com/watch?v=t5tmixTYQjE,2022-02-23,https://i.ytimg.com/vi/t5tmixTYQjE/maxresdefault.jpg
128,'ã€ #ã‚¯ã‚½ãƒ‡ã‚«æ„Ÿæƒ…æ­Œæ ãƒªãƒ¬ãƒ¼ ã€‘ãƒãƒ­ãƒ¼!ãƒ—ãƒ­ã‚¸ã‚§ã‚¯ãƒˆï¼ˆé€šç§°ãƒãƒ­ãƒ—ãƒ­ï¼‰ã€çŸ¥ã£ã¦ã„ã¾ã™ã‹ï¼Ÿã€€ Singing Streamã€  #æ˜Ÿé™ã“ã‚† #æ­Œé…ä¿¡  ã€‘,https://www.youtube.com/watch?v=xF0E0-SUgP0,2023-07-17,https://i.ytimg.com/vi/xF0E0-SUgP0/maxresdefault.jpg
129,'ã€åˆè¦‹ã•ã‚“å¤§æ­“è¿ã€‘ãƒãƒ­ã‚ªã‚¿ã®èµ¤ã¡ã‚ƒã‚“ã€å¸ƒæ•™å¤§ä¼šã—ã¾ã™ã‚ƒã•ã‚“ã€  #æ˜Ÿé™ã“ã‚†  ï¼ #æ–°äººVtuberã€‘,https://www.youtube.com/watch?v=rKsbS2gdZls,2022-10-16,https://i.ytimg.com/vi/rKsbS2gdZls/maxresdefault.jpg
130,'ã€åˆè¦‹ã•ã‚“å¤§æ­“è¿ã€‘ãƒã‚¯ã‚¹ãƒˆãˆã‚‹ã™ã‚Šãƒ¼ã€ã»ã‚“ã¨ã«ã‚ã‚Šã‚ƒã¨ã…ï¼æ„Ÿæƒ³ï¼†æ­Œé…ä¿¡ã€ #æ˜Ÿé™ã“ã‚† #ã“ã‚†ãƒ©ã‚¤ãƒ– ã€‘,https://www.youtube.com/watch?v=2-vMRXggxZA,2023-03-20,https://i.ytimg.com/vi/2-vMRXggxZA/maxresdefault.jpg
131,'ã€#æ­Œæ  ã€‘æ·±å¤œã®ç¸¦å‹æ­Œé…ä¿¡ï¼â­ï¸ç¡çœ å°å…¥ãƒãƒ©ãƒ¼ãƒ‰ã‚ƒã•ã‚“ #karaoke #shorts #short ã€ #æ˜Ÿé™ã“ã‚† ã€‘,https://www.youtube.com/watch?v=F29QC88w3yU,2024-04-10,https://i.ytimg.com/vi/F29QC88w3yU/maxresdefault.jpg
132,'ã€åˆè¦‹ã•ã‚“å¤§æ­“è¿ã€‘æ˜æ—¥ã¯ã­ãã™ã¨ãˆã‚‹ã™ã‚Šãƒ¼ï¼æ°—åˆã„å…¥ã‚Œæ­Œæ ï¼ï¼ï¼ã€ #æ˜Ÿé™ã“ã‚† #ã“ã‚†ãƒ©ã‚¤ãƒ– ã€‘,https://www.youtube.com/watch?v=tGcAk6Xn8R8,2023-03-18,https://i.ytimg.com/vi/tGcAk6Xn8R8/sddefault.jpg?v=64149a06
133,'ã€åˆè¦‹ã•ã‚“å¤§æ­“è¿ã€‘ãƒã‚‡ãƒã‚‡æ˜æ—¥ã‹ã‚‰ã‚ªãƒ¼ãƒ‡ã‚£ã‚·ãƒ§ãƒ³ï¼æ°—åˆã„å…¥ã‚Œæ­Œé…ä¿¡ï¼ï¼ã€€Singing Streamã€ #æ˜Ÿé™ã“ã‚† #æ­Œé…ä¿¡ #karaoke ã€‘,https://www.youtube.com/watch?v=yP1x_UFYqv8,2023-10-18,https://i.ytimg.com/vi/yP1x_UFYqv8/maxresdefault.jpg
134,'ã€åˆè¦‹ã•ã‚“å¤§æ­“è¿ã€‘æ­Œæ ãƒªãƒ¬ãƒ¼ãŠç–²ã‚Œã•ã¾ã§ã—ãŸï¼â­ï¸ï¼˜æœˆçµ‚ã‚ã‚Šã®æ­Œé…ä¿¡ï¼ã€€Singing Streamã€ #æ˜Ÿé™ã“ã‚† #æ­Œé…ä¿¡ #karaoke ã€‘,https://www.youtube.com/watch?v=dz7nSgT9VBA,2023-08-28,https://i.ytimg.com/vi/dz7nSgT9VBA/maxresdefault.jpg
135,'ã€æ­Œæ /Singingã€‘ã“ã‚†ã€ã‚ã„ã©ã‚‹ãŒã™ãï¼ï¼ï¼ï¼ï¼ï¼ã€ #æ˜Ÿé™ã“ã‚† ï¼æ–°äººVtuberã€‘,https://www.youtube.com/watch?v=QJlSMtQ9PoE,2022-05-12,https://i.ytimg.com/vi/QJlSMtQ9PoE/maxresdefault.jpg
136,'ã€é‡å¤§ç™ºè¡¨ã€‘æ˜Ÿé™ã“ã‚†å²ä¸Šæœ€å¤§ã®ã€æŒ‘æˆ¦ã€‚æ±ºæ„è¡¨æ˜ã®æ­Œæ ï¼ã€€Singing Streamã€ #æ˜Ÿé™ã“ã‚† #æ­Œé…ä¿¡ #karaoke ã€‘,https://www.youtube.com/watch?v=dZtcRPYZw3I,2024-02-26,https://i.ytimg.com/vi/dZtcRPYZw3I/maxresdefault.jpg
137,'ã€#é‡æ‘ã«ã‚€æ­Œæ ãƒªãƒ¬ãƒ¼ã€‘èµ¤ã¡ã‚ƒã‚“ã®åå…«ç•ªæ›²ï¼èã„ã¦ã£ã¦ãã ã•ãƒï¼ğŸŒŸã€€Singing Streamã€ #æ˜Ÿé™ã“ã‚† #æ­Œé…ä¿¡ã€‘,https://www.youtube.com/watch?v=iVxvq_dj_gQ,2023-06-10,https://i.ytimg.com/vi/iVxvq_dj_gQ/maxresdefault.jpg
138,'ã€ #åˆè¦‹æ­“è¿ ã€‘æœ€é«˜ã«ã‹ã‚ã„ã„ï¼å¥³å…ã‚¢ãƒ‹ãƒ¡æ¥½æ›²ç¸›ã‚Šã€æ­Œæ ï¼ï¼ğŸ¤ ğŸŒ ã€ #æ˜Ÿé™ã“ã‚† #æ­Œæ  #Vtuber #KARAOKE ã€‘,https://www.youtube.com/watch?v=JgyFJVPkpLg,2024-10-11,https://i.ytimg.com/vi/JgyFJVPkpLg/maxresdefault.jpg
139,'ã€åˆè¦‹ã•ã‚“å¤§æ­“è¿ã€‘æµã‚Œæ˜ŸãŒå±Šã‘ã‚‹ã€ãŠæ­Œã‚’è´ã„ã¦ãã ã•ãƒğŸŒŸã€€Singing Streamã€ #æ˜Ÿé™ã“ã‚† #æ­Œé…ä¿¡ #karaoke ã€‘,https://www.youtube.com/watch?v=rW-jF8OoKqY,2023-07-01,https://i.ytimg.com/vi/rW-jF8OoKqY/maxresdefault.jpg
140,'ã€#åå…«ç•ªã§é­…ã›ã‚‹Væ­Œæ ãƒªãƒ¬ãƒ¼ã€‘æµã‚Œæ˜Ÿã®åå…«ç•ªæ›²ã€å›ã«å±Šã‘ãŸã„ï¼ï¼â­ï¸ã€€Singing Streamã€ #æ˜Ÿé™ã“ã‚† #æ­Œé…ä¿¡ #karaoke ã€‘,https://www.youtube.com/watch?v=DtqUaUDUDK4,2023-12-01,https://i.ytimg.com/vi/DtqUaUDUDK4/maxresdefault.jpg
141,'ã€åˆè¦‹ã•ã‚“å¤§æ­“è¿ã€‘ãšã£ã¨çœŸå¤œä¸­ã§ã„ã„ã®ã«ã€‚ãã†æ€ã‚ãªãƒï¼ŸğŸŒŸã€€Singing Streamã€ #æ˜Ÿé™ã“ã‚† #æ­Œé…ä¿¡ #karaoke ã€‘,https://www.youtube.com/watch?v=OGyyUb5WgH4,2023-06-18,https://i.ytimg.com/vi/OGyyUb5WgH4/maxresdefault.jpg
142,'ã€æ­Œæ /Singingã€‘ã ã„ã™ã ãšã¨ã¾ã‚ˆç¸›ã‚Šã®æ­Œé…ä¿¡ï¼ã€ #æ˜Ÿé™ã“ã‚† ï¼æ–°äººVtuberã€‘,https://www.youtube.com/watch?v=q0XUa-VCf1Y,2022-03-26,https://i.ytimg.com/vi/q0XUa-VCf1Y/maxresdefault.jpg
143,'ã€åˆè¦‹ã•ã‚“å¤§æ­“è¿ã€‘æ­Œã‚ã›ã¦ãã‚Œã‚‡ï¾…~~~~~ï¼ã€  #æ˜Ÿé™ã“ã‚†  ï¼ #æ–°äººVtuberã€‘,https://www.youtube.com/watch?v=6nAJuf31FvE,2022-11-06,https://i.ytimg.com/vi/6nAJuf31FvE/maxresdefault.jpg
144,'ã€åˆè¦‹ã•ã‚“å¤§æ­“è¿ã€‘ï¼–æœˆã®å¤œã€ã¾ã£ãŸã‚Šãƒãƒ©ãƒ¼ãƒ‰å­å®ˆæ­Œæ ğŸŒŸã€€Singing Streamã€ #æ˜Ÿé™ã“ã‚† #æ­Œé…ä¿¡ã€‘,https://www.youtube.com/watch?v=uQUsqXraQik,2023-06-03,https://i.ytimg.com/vi/uQUsqXraQik/maxresdefault.jpg
145,'ã€ #åˆè¦‹æ­“è¿ ã€‘ã ã„ã™ããªã€ãšã¨ã¾ã‚ˆã€ç¸›ã‚Šã€æ­Œæ ï¼ğŸ¤ ğŸŒ ã€ #æ˜Ÿé™ã“ã‚† #æ­Œæ  #Vtuber #KARAOKE ã€‘,https://www.youtube.com/watch?v=kkRJ4doxMbM,2024-10-29,https://i.ytimg.com/vi/kkRJ4doxMbM/maxresdefault.jpg
146,'ã€åˆè¦‹ã•ã‚“å¤§æ­“è¿ã€‘å›ã‚’çœ ã‚Šã«èª˜ã†ã€ã¯ã˜ã‚ã¦ã®ã€Œç¡çœ å°å…¥ã€æ­Œæ â­ï¸ï¼ã€€Singing Streamã€ #æ˜Ÿé™ã“ã‚† #æ­Œé…ä¿¡ #karaoke ã€‘,https://www.youtube.com/watch?v=C_mVSrbsgRU,2023-09-30,https://i.ytimg.com/vi/C_mVSrbsgRU/maxresdefault.jpg
147,'ã€æ­Œæ /Singingã€‘ã­ã‚“ã­ã®ãŠã¨ã‚‚ã€ãƒãƒ©ãƒ¼ãƒ‰æ­Œé…ä¿¡ã€ #æ˜Ÿé™ã“ã‚† ï¼æ–°äººVtuberã€‘,https://www.youtube.com/watch?v=lQx6cguzKMI,2022-04-18,https://i.ytimg.com/vi/lQx6cguzKMI/maxresdefault.jpg
148,'ã€åˆè¦‹ã•ã‚“å¤§æ­“è¿ã€‘ãƒãƒ¬ãƒ³ã‚¿ã‚¤ãƒ³ã€å›ã«å±Šã‘ãŸã„å¯æ„›ã„æ›²ç¸›ã‚Šæ­Œæ ğŸ«ğŸ’ã€ #æ˜Ÿé™ã“ã‚† #karaoke #æ­Œé…ä¿¡   ã€‘,https://www.youtube.com/watch?v=x9cx-rhSqr0,2024-02-14,https://i.ytimg.com/vi/x9cx-rhSqr0/maxresdefault.jpg
149,'ã€#Væ½¤æ­Œç¥­ã€‘ãã‚‰ãã‚‰æµã‚Œæ˜Ÿã®ã€å¯æ„›ã„ã¨ã“ã‚ï¼è¦‹ã›ã¡ã‚ƒã„ã¾ã™ï¼ï¼ã€€Singing Streamã€ #æ˜Ÿé™ã“ã‚† #æ­Œé…ä¿¡ #karaoke ã€‘,https://www.youtube.com/watch?v=fSbAdmWu0rI,2023-09-09,https://i.ytimg.com/vi/fSbAdmWu0rI/maxresdefault.jpg
150,'ã€åˆè¦‹ã•ã‚“å¤§æ­“è¿ã€‘ã²ã•ã³ã•YouTubeï¼ãŸãã•ã‚“æ­Œã„ãŸãƒï¼ï¼ï¼ã€€Singing Streamã€ #æ˜Ÿé™ã“ã‚† #æ­Œé…ä¿¡ #karaoke ã€‘,https://www.youtube.com/watch?v=y1pREBfdWcA,2023-11-07,https://i.ytimg.com/vi/y1pREBfdWcA/maxresdefault.jpg
151,'ã€åˆè¦‹ã•ã‚“å¤§æ­“è¿ã€‘ãŠçŸ¥ã‚‰ã›ã‚ã‚Šï¼ã®ã‚“ã³ã‚Šå¥½ããªã ã‘æ­Œé›‘è«‡â­ï¸ã€€Singing Streamã€ #æ˜Ÿé™ã“ã‚† #æ­Œé…ä¿¡ #karaoke ã€‘,https://www.youtube.com/watch?v=BwVfl8X1v4A,2023-12-11,https://i.ytimg.com/vi/BwVfl8X1v4A/maxresdefault.jpg
152,'ã€åˆè¦‹ã•ã‚“å¤§æ­“è¿ã€‘ã®ã‚“ã³ã‚Šã¾ã£ãŸã‚Šãƒãƒ©ãƒ¼ãƒ‰ç¸›ã‚Šã€æ­Œæ ï¼ã€€Singing Streamã€ #æ˜Ÿé™ã“ã‚† #æ­Œé…ä¿¡ #karaoke ã€‘,https://www.youtube.com/watch?v=XtIHdKhube4,2023-10-12,https://i.ytimg.com/vi/XtIHdKhube4/maxresdefault.jpg
153,'ã€åˆè¦‹ã•ã‚“æ­“è¿ã€‘8æœˆã®çµ‚ã‚ã‚Šã€ã†ãŸã†ãŸã„ã‚ã‹ã¡ã‚ƒã‚“ã€ #æ˜Ÿé™ã“ã‚† ï¼ #æ–°äººVtuberã€‘,https://www.youtube.com/watch?v=tidpVxso0aI,2022-08-30,https://i.ytimg.com/vi/tidpVxso0aI/maxresdefault.jpg
154,'ã€åˆè¦‹ã•ã‚“å¤§æ­“è¿ã€‘æ­Œæ ãƒªãƒ¬ãƒ¼ãŠç–²ã‚Œæ§˜ã§ã—ãŸ~ï¼ä»Šæ—¥ã‚‚æ­Œã†ï½¿ï¾ï¼ã€ #æ˜Ÿé™ã“ã‚† #æ­Œé…ä¿¡ã€‘,https://www.youtube.com/watch?v=6D_zFn_hlkw,2023-04-03,https://i.ytimg.com/vi/6D_zFn_hlkw/maxresdefault.jpg
155,'ã€ #åˆè¦‹æ­“è¿ ã€‘æ–°PCã§ã€ç”Ÿã¾ã‚Œã‹ã‚ã£ãŸæ­Œæ ã€‚ï¼ˆã‚¨ãƒ¢ã‚¤ï¼‰ã€ #æ˜Ÿé™ã“ã‚† #æ­Œæ  #vtuber  #KARAOKE ã€‘,https://www.youtube.com/watch?v=joqY53EI3N8,2025-02-23,https://i.ytimg.com/vi/joqY53EI3N8/maxresdefault.jpg
156,'ã€ #ãƒã‚±ãƒ¢ãƒ³æ­Œæ ãƒªãƒ¬ãƒ¼ ã€‘ã‚¿ã‚¤ãƒ— ãƒ•ã‚§ã‚¢ãƒªãƒ¼ ãµã‚ãµã‚ãªã€Œã‹ã‚ã„ã„ã€ã€ã“ã‚†ãŒãŠå±Šã‘ï¼ğŸ’ã€ #æ˜Ÿé™ã“ã‚† #æ­Œæ  #Vtuber #KARAOKE ã€‘,https://www.youtube.com/watch?v=uGK-uLIjcqw,2024-02-25,https://i.ytimg.com/vi/uGK-uLIjcqw/maxresdefault.jpg
157,'ã€åˆè¦‹ã•ã‚“æ­“è¿ã€‘Vãƒ—ãƒ©ãƒã‚ªãƒ¼ãƒ‡ã‚£ã‚·ãƒ§ãƒ³ã«å‚åŠ ã™ã‚‹è©±ï¼ã†ãŸã‚‚ã†ãŸã…ã‚‡ã€ #æ˜Ÿé™ã“ã‚† ï¼ #æ–°äººVtuberã€‘,https://www.youtube.com/watch?v=5VfJEMD-MxY,2021-08-22,https://i.ytimg.com/vi/5VfJEMD-MxY/maxresdefault.jpg
158,'ã€åˆè¦‹ã•ã‚“å¤§æ­“è¿ã€‘ã‚¯ãƒªã‚¹ãƒã‚¹ã‚¤ãƒ–ã ï¼ã“ã‚†ã‚µãƒ³ã‚¿ã‹ã‚‰ã€ã€ŒãŠæ­Œã€ã‚’ãƒ—ãƒ¬ã‚¼ãƒ³ãƒˆï¼ğŸâ‹†*ã€€Singing Streamã€ #æ˜Ÿé™ã“ã‚† #æ­Œé…ä¿¡ #karaoke ã€‘,https://www.youtube.com/watch?v=s0PaFeZXjHY,2023-12-24,https://i.ytimg.com/vi/s0PaFeZXjHY/maxresdefault.jpg
159,'ã€ #èŠ±å”„ãƒãƒ­ãƒ—ãƒ­æ­Œæ ãƒªãƒ¬ãƒ¼ ã€‘ãƒãƒ­ãƒ—ãƒ­å¥½ãã®èµ¤ã¡ã‚ƒã‚“ãŒã€é­‚ã“ã‚ã¦å±Šã‘ã¾ã™ï¼â­ï¸ã€ #æ˜Ÿé™ã“ã‚† #æ­Œæ  #Vtuber #KARAOKE ã€‘,https://www.youtube.com/watch?v=1j_thtSwZCU,2025-01-18,https://i.ytimg.com/vi/1j_thtSwZCU/maxresdefault.jpg
160,'ã€ #åˆè¦‹æ­“è¿ ã€‘ãƒ«ãƒ¼ãƒ¬ãƒƒãƒˆã§å‡ºãŸã€Œå£°ã€ç¸›ã‚Šã€æ­Œæ â€¦ï¼ï¼ï¼ğŸ¤ ğŸŒ ã€ #æ˜Ÿé™ã“ã‚† #æ­Œæ  #Vtuber #KARAOKE ã€‘,https://www.youtube.com/watch?v=_3VWkD3XUhA,2024-11-11,https://i.ytimg.com/vi/_3VWkD3XUhA/maxresdefault.jpg
161,'ã€ï¼ƒæ­Œã„Mondayã€‘æœˆæ›œã€ãƒˆãƒƒãƒ—ãƒãƒƒã‚¿ãƒ¼èµ¤ã¡ã‚ƒã‚“ã€‚å‚ã‚Šã¾ã™ï¼ï¼ã€ #æ˜Ÿé™ã“ã‚† #æ­Œæ  #Vtuber #KARAOKE ã€‘,https://www.youtube.com/watch?v=ygAHZ8_6Qtk,2024-09-02,https://i.ytimg.com/vi/ygAHZ8_6Qtk/maxresdefault.jpg
162,'ã€#æ­Œã†ã¾Væ­Œæ ãƒªãƒ¬ãƒ¼ã€‘ï¼’æ—¥ç›®ãƒˆãƒƒãƒ—ãƒãƒƒã‚¿ãƒ¼ğŸŒŸæµã‚Œæ˜Ÿã®èµ¤å­â€¦è¦‹ã›ã¤ã‘ã‚‹ãã‚®ãƒ£ãƒƒãƒ—ï¼ï¼ã€  #æ˜Ÿé™ã“ã‚†  ã€‘,https://www.youtube.com/watch?v=1sBYfuaFFBo,2023-04-02,https://i.ytimg.com/vi/1sBYfuaFFBo/maxresdefault.jpg
163,'ã€ #åˆè¦‹æ­“è¿  ã€‘ãƒªã‚¯ã‚¨ã‚¹ãƒˆOKâ­ï¸ã®ã‚“ã³ã‚Šæ­Œæ !ã€ #æ˜Ÿé™ã“ã‚† #æ­Œæ  #Vtuber #KARAOKE ã€‘,https://www.youtube.com/watch?v=02MAI--2kIk,2024-06-20,https://i.ytimg.com/vi/02MAI--2kIk/maxresdefault.jpg
164,'ã€ ã“ã‚†ã®ã‚ã‚³ãƒ©ãƒœ ã€‘æ˜Ÿé™ã‚‹å¤©ä½¿ã®å¤œã«ã‚³ãƒ©ãƒœæ­Œæ ã€åŒæ™‚è¦–è´ã€‘,https://www.youtube.com/watch?v=jiQVSs_Whd8,2022-11-28(ã‚³ãƒ©ãƒœ),https://i.ytimg.com/vi/jiQVSs_Whd8/maxresdefault.jpg
165,'ã€ #åˆè¦‹æ­“è¿ ã€‘ãƒªã‚¯ã‚¨ã‚¹ãƒˆOKâ•è‡ªç”±ãªæ­Œæ ğŸ¤ ğŸŒ ã€ #æ˜Ÿé™ã“ã‚† #æ­Œæ  #Vtuber #KARAOKE ã€‘,https://www.youtube.com/watch?v=g0LvoxGgFaM,2024-09-23,https://i.ytimg.com/vi/g0LvoxGgFaM/maxresdefault.jpg
166,'ã€åˆè¦‹ã•ã‚“å¤§æ­“è¿ã€‘ï¾˜ï½¸ï½´ï½½ï¾„OKï¼å›ã‚’é­…äº†ã™ã‚‹ã€æ­Œï¼ï¼ã€€Singing Streamã€ #æ˜Ÿé™ã“ã‚† #æ­Œé…ä¿¡ #karaoke ã€‘,https://www.youtube.com/watch?v=NqIjKXFIMPU,2023-11-25,https://i.ytimg.com/vi/NqIjKXFIMPU/maxresdefault.jpg
167,'ã€åˆè¦‹ã•ã‚“å¤§æ­“è¿ã€‘ä¸‰é€£ä¼‘æœ€çµ‚æ—¥â­ï¸ï¼ ãƒãƒ£ãƒ³ãƒãƒ«ç™»éŒ²è€…æ•°ï¼•ï¼ï¼ï¼äººç›®æŒ‡ã—ã¦ã€æ­Œæ ï¼ã€€Singing Streamã€ #æ˜Ÿé™ã“ã‚† #æ­Œé…ä¿¡ #karaoke ã€‘,https://www.youtube.com/watch?v=meWzVCtJDac,2023-10-09,https://i.ytimg.com/vi/meWzVCtJDac/maxresdefault.jpg
168,'ã€åˆè¦‹ã•ã‚“å¤§æ­“è¿ã€‘ã®ã‚“ã³ã‚Šæ­Œã£ã¦ã¿ã‚‹ï½¶ï½ï½ï¼Singing Streamã€ #æ˜Ÿé™ã“ã‚† #æ­Œé…ä¿¡ã€‘,https://www.youtube.com/watch?v=dLU5G_MTgXs,2023-04-17,https://i.ytimg.com/vi/dLU5G_MTgXs/maxresdefault.jpg
169,'ã€åˆè¦‹ã•ã‚“å¤§æ­“è¿ã€‘ã™ããªã ã‘ã€ã†ãŸã†ãŸã…èµ¤ã¡ã‚ƒã‚“ğŸŒŸãƒªã‚¯æœ‰ã€€Singing Streamã€ #æ˜Ÿé™ã“ã‚† #æ­Œé…ä¿¡ #karaoke ã€‘,https://www.youtube.com/watch?v=4m2zV3LXtIM,2023-07-06,https://i.ytimg.com/vi/4m2zV3LXtIM/maxresdefault.jpg
170,'ã€ #åˆè¦‹æ­“è¿ ã€‘ï¼“æœˆã‚¹ã‚¿ãƒ¼ãƒˆï¼æ˜¥ã®æ°—é…ã‚’æ¢ã—ã¦ã€ã€æ˜¥ã®æ­Œã€ç¸›ã‚Šæ­Œæ ï¼ã€ #æ˜Ÿé™ã“ã‚† #æ­Œæ  #vtuber  #KARAOKE ã€‘,https://www.youtube.com/watch?v=aBiudcufkXE,2025-03-01,https://i.ytimg.com/vi/aBiudcufkXE/maxresdefault.jpg
171,'ã€#æ­Œæ  ã€‘å¥½ããªæ›²ã€å¥½ããªã ã‘ï¼â­ï¸è‡ªç”±ãªç¸¦å‹æ­Œé…ä¿¡ï¼ #karaoke #shorts #short ã€ #æ˜Ÿé™ã“ã‚† ã€‘,https://www.youtube.com/watch?v=Y_IV2i1eXlQ,2024-01-25,https://i.ytimg.com/vi/Y_IV2i1eXlQ/maxresdefault.jpg
172,'ã€ #åˆè¦‹æ­“è¿ ã€‘çœŸå¤œä¸­ã®ã€ãƒãƒ©ãƒ¼ãƒ‰ç¸›ã‚Šæ­Œæ ã€‚ã€ #æ˜Ÿé™ã“ã‚† #æ­Œæ  #vtuber  #KARAOKE ã€‘,https://www.youtube.com/watch?v=l4sg0_ls64k,2025-03-26,https://i.ytimg.com/vi/l4sg0_ls64k/maxresdefault.jpg
173,'ã€åˆè¦‹ã•ã‚“å¤§æ­“è¿ã€‘ãŠä¼‘ã¿æ˜ã‘ã®ã€è‡ªç”±ãªæ­Œé…ä¿¡ï¼ï¼ã€€Singing Streamã€ #æ˜Ÿé™ã“ã‚† #æ­Œé…ä¿¡ #karaoke ã€‘,https://www.youtube.com/watch?v=WyUbd086jUg,2023-11-13,https://i.ytimg.com/vi/WyUbd086jUg/maxresdefault.jpg
174,'ã€åˆè¦‹ã•ã‚“å¤§æ­“è¿ã€‘ä»Šæ—¥ã¯ãƒªã‚¯ã‚¨ã‚¹ãƒˆOKï¼è‡ªç”±ã«ã™ããªã ã‘ã€æ­Œã£ã¡ã‚ƒã†ã‹ã€ã€ï¼â­ã€€Singing Streamã€ #æ˜Ÿé™ã“ã‚† #æ­Œé…ä¿¡ #karaoke ã€‘,https://www.youtube.com/watch?v=9fBfgRLH94E,2024-01-29,https://i.ytimg.com/vi/9fBfgRLH94E/maxresdefault.jpg
175,'ã€#ã‚¢ã‚¤ãƒ‰ãƒ«æ­Œæ ãƒªãƒ¬ãƒ¼ã€‘ç›®æŒ‡ã™ã¯ã‚­ãƒ©ã‚­ãƒ©ã‚¢ã‚¤ãƒ‰ãƒ«Vtuberï¼æµã‚Œæ˜Ÿã®ã‚ã‹ã¡ã‚ƒã‚“ã€æ­Œã„ã¾ã™ï¼ #karaoke ã€ #æ˜Ÿé™ã“ã‚† #æ­Œé…ä¿¡  ã€‘,https://www.youtube.com/watch?v=tZO0JYc2iFc,2023-07-30,https://i.ytimg.com/vi/tZO0JYc2iFc/maxresdefault.jpg
176,'ã€ #ãƒ­ãƒªå¥½ãã«æ§ãæ­Œæ ãƒªãƒ¬ãƒ¼ ã€‘ä¸»å‚¬ï¼â­ï¸æµã‚Œæ˜Ÿã®èµ¤ã¡ã‚ƒã‚“ãŒã€æœ€é«˜ãªã€Œãƒ­ãƒªã€ã‚’ãŠå±Šã‘ï¼ï¼ã€ #æ˜Ÿé™ã“ã‚† #æ­Œæ  #Vtuber #KARAOKE ã€‘,https://www.youtube.com/watch?v=JMRhZA9pDxg,2024-04-20,https://i.ytimg.com/vi/JMRhZA9pDxg/maxresdefault.jpg
177,'ã€åˆè¦‹ã•ã‚“å¤§æ­“è¿ã€‘8æœˆã€çµ‚ã‚ã‚‰ãªã„ã§ã€‚ã€€æ­Œé…ä¿¡ï¼ã€€Singing Streamã€ #æ˜Ÿé™ã“ã‚† #æ­Œé…ä¿¡ #karaoke ã€‘,https://www.youtube.com/watch?v=CUvilW-ds2A,2023-08-31,https://i.ytimg.com/vi/CUvilW-ds2A/maxresdefault.jpg
178,'ã€æ­Œæ /Singingã€‘ã™ããªãŠæ­Œã‚’ã€ã™ããªã ã‘ï¼ï¼ã€ #æ˜Ÿé™ã“ã‚† ï¼æ–°äººVtuberã€‘,https://www.youtube.com/watch?v=_oyyIkaCFk0,2022-04-02,https://i.ytimg.com/vi/_oyyIkaCFk0/maxresdefault.jpg
179,'ã€ #æ­Œã†ã¾Væ­Œæ ãƒªãƒ¬ãƒ¼  ã€‘å…¨åŠ›ã§æ¥½ã—ã‚“ã§ã€æ¥½ã—ã¾ã›ã‚‹ï¼ç§‹ã®æ­Œãƒªãƒ¬ãƒ¼ï¼ï¼ã€ #æ˜Ÿé™ã“ã‚† ï¼ #æ–°äººVtuberã€‘,https://www.youtube.com/watch?v=PlSSCkZQnoo,2022-10-09,https://i.ytimg.com/vi/PlSSCkZQnoo/maxresdefault.jpg
180,'ã€åˆè¦‹ã•ã‚“å¤§æ­“è¿ã€‘æ–°å¹´åˆï¼ï¼æ­Œé…ä¿¡ã ã‚‡ï½ï¼ï¼ï¼ï¼ã€  #æ˜Ÿé™ã“ã‚†  ï¼ #æ–°äººVtuberã€‘,https://www.youtube.com/watch?v=z9K5AGIN2wI,2023-01-10,https://i.ytimg.com/vi/z9K5AGIN2wI/maxresdefault.jpg
181,'ã€#æ­Œæ  ã€‘ã‚´ãƒ¼ãƒ«ãƒ‡ãƒ³ã‚¦ã‚¤ãƒ¼ã‚¯ã€æ¥½ã—ã‚“ã§ã‚‹~ï¼Ÿâ­ï¸æ­Œã„ãŸã„æ›²æ­Œã„ãŸã„ã ã‘ï¼ï¼ #karaoke #shorts #short ã€ #æ˜Ÿé™ã“ã‚† ã€‘,https://www.youtube.com/watch?v=LglvZoFbw_4,2024-05-02,https://i.ytimg.com/vi/LglvZoFbw_4/maxresdefault.jpg
182,'ã€ #VDROCK ã€‘ä»Šæ—¥ã®èµ¤ã¡ã‚ƒã‚“ã¯â€¦ç—…ã¿å¯æ„›ã„ï¼ğŸ€ğŸ–¤Day.2ã€€Singing Streamã€  #æ˜Ÿé™ã“ã‚† #æ­Œé…ä¿¡  ã€‘,https://www.youtube.com/watch?v=uZjRMI0ksaQ,2023-06-02,https://i.ytimg.com/vi/uZjRMI0ksaQ/maxresdefault.jpg
183,'ã€æ­Œæ /Singingã€‘ã‚ã«ãã‚“ã€ã‚Šã¹ã‚“ã˜ã€ã¾ã£ã¡ï¼ï¼ï¼ï¼ï¼ï¼ï¼ï¼ï¼ï¼ã€ #æ˜Ÿé™ã“ã‚† ï¼æ–°äººVtuberã€‘,https://www.youtube.com/watch?v=YcHkBricRTw,2022-05-24,https://i.ytimg.com/vi/YcHkBricRTw/maxresdefault.jpg
184,'ã€ #åˆè¦‹æ­“è¿ ã€‘ã‚¢ãƒ‹ã‚½ãƒ³ç¸›ã‚Šï¼â­ï¸ä¹…ã€…æ­Œæ ã€å¥½ããªã ã‘æ­Œã†ã‚ã‚‡~~~ï¼ã€ #æ˜Ÿé™ã“ã‚† #æ­Œæ  #vtuber  #KARAOKE ã€‘,https://www.youtube.com/watch?v=px-IjFMkZoo,2025-06-20,https://i.ytimg.com/vi/px-IjFMkZoo/maxresdefault.jpg
185,'ã€åˆè¦‹ã•ã‚“å¤§æ­“è¿ã€‘ä»Šæ—¥ã¯ã‚¢ãƒ‹ã‚½ãƒ³ï¼ï¼æ­Œã£ã¡ã‚ƒã†ã‚“ã ï¾…~~~ï¼ï¼ã€€Singing Streamã€ #æ˜Ÿé™ã“ã‚† #æ­Œé…ä¿¡ #karaoke ã€‘,https://www.youtube.com/watch?v=dg-bHiBBDQg,2023-12-28,https://i.ytimg.com/vi/dg-bHiBBDQg/maxresdefault.jpg
186,'ã€ãƒ‡ãƒ“ãƒ¥ãƒ¼ã‹ã‚‰åŠå¹´é›‘è«‡ã€‘åŠå¹´ã€ãŸãã•ã‚“ã®ã€Œã‚ã‚ŠãŒã¨ã†ã€ã¨ã€ã€Œã ã„ã™ãï¼ã€ã€ #æ˜Ÿé™ã“ã‚†  ï¼æ–°äººVtuberã€‘,https://www.youtube.com/watch?v=O7qH1VIuEc8,2022-02-20,https://i.ytimg.com/vi/O7qH1VIuEc8/maxresdefault.jpg
187,'ã€ #åˆè¦‹æ­“è¿ ã€‘ä¹…ã€…æ­Œæ ï¼ãƒœã‚«ãƒ­ç¸›ã‚Šã§ã€ãŸãƒ¼ãã•ã‚“æ­Œã„ãŸãƒï¼ï¼ï¼ã€ #æ˜Ÿé™ã“ã‚† #æ­Œæ  #vtuber  #KARAOKE ã€‘,https://www.youtube.com/watch?v=xRrcBBHuhbo,2025-05-06,https://i.ytimg.com/vi/xRrcBBHuhbo/maxresdefault.jpg
188,'ã€å…¨ç·¨ç„¡æ–™ã€‘ï¼ƒãƒã‚¯ã‚¹ãƒˆãˆã‚‹ã™ã‚Šãƒ¼ï¼â‘¡ã€Life Like a Live!5ã‚µã‚¤ãƒ‰ã‚¹ãƒ†ãƒ¼ã‚¸ã€‘,https://www.youtube.com/watch?v=CL7YwXrsnZs,2023-03-24,https://i.ytimg.com/vi/CL7YwXrsnZs/maxresdefault.jpg
189,'ã€ #åˆè¦‹æ­“è¿ ã€‘å¤ã€çœŸã£ç››ã‚Šï¼å¤æ›²ã‚’æ­Œã£ã¦ã€€æš‘ã•å¹ãé£›ã°ã™ã‚‡ï¼â­ï¸ğŸ¤ã€ #æ˜Ÿé™ã“ã‚† #æ­Œæ  #Vtuber #KARAOKE ã€‘,https://www.youtube.com/watch?v=KaWhWln0vnw,2024-08-06,https://i.ytimg.com/vi/KaWhWln0vnw/maxresdefault.jpg
190,'ã€ #åˆè¦‹æ­“è¿  ã€‘ãƒœã‚«ãƒ‡ãƒ¥ã‚ªæ„Ÿæƒ³ï¼†ã®ã‚“ã³ã‚Šæ­Œæ ï¼ï¼ã€ #æ˜Ÿé™ã“ã‚† #æ­Œæ  #Vtuber #KARAOKE ã€‘,https://www.youtube.com/watch?v=PFQmwYXnTq8,2024-07-01,https://i.ytimg.com/vi/PFQmwYXnTq8/maxresdefault.jpg
191,'ã€ #åˆè¦‹æ­“è¿ ã€‘ãƒªã‚¢ãƒ«ãƒ©ã‚¤ãƒ–ã€ŒVRide!ã€å‰æ—¥ï¼æ°—åˆã„å…¥ã‚Œæ­Œæ ï¼ï¼ğŸ’­ğŸ‘¼ğŸ»ã€ #æ˜Ÿé™ã“ã‚† #æ­Œæ  #Vtuber #KARAOKE ã€‘,https://www.youtube.com/watch?v=KQXbIvkjUvo,2024-09-20,https://i.ytimg.com/vi/KQXbIvkjUvo/maxresdefault.jpg
192,'ã€ #åˆè¦‹æ­“è¿ ã€‘ï¼‘æ™‚é–“ã€ã†ãŸã†ã‚‡ã€ #æ˜Ÿé™ã“ã‚† #æ­Œæ  #Vtuber #KARAOKE ã€‘,https://www.youtube.com/watch?v=a9VzaOgycLo,2024-08-15,https://i.ytimg.com/vi/a9VzaOgycLo/maxresdefault.jpg
193,'ã€ #åˆè¦‹æ­“è¿ ã€‘æ‰‹è¡“å¾Œã€åˆã®æ­Œæ â€¼ãƒªãƒãƒ“ãƒªã™ã‚‹ã‚ã‚‡~~~~~ï¼ï¼ã€ #æ˜Ÿé™ã“ã‚† #æ­Œæ  #Vtuber #KARAOKE ã€‘,https://www.youtube.com/watch?v=JPkJLcPYmh0,2025-01-07,https://i.ytimg.com/vi/JPkJLcPYmh0/maxresdefault.jpg
194,'ã€ #åˆè¦‹æ­“è¿ ã€‘é€±ã®çœŸã‚“ä¸­ã€ã€Œãƒ¨ãƒ«ã‚·ã‚«ã€ã«æµ¸ã‚ã†â€¦ï¼ğŸ¤ ğŸŒ ã€ #æ˜Ÿé™ã“ã‚† #æ­Œæ  #Vtuber #KARAOKE ã€‘,https://www.youtube.com/watch?v=P9sE2X2KD9U,2024-11-06,https://i.ytimg.com/vi/P9sE2X2KD9U/maxresdefault.jpg
195,'ã€ #åˆè¦‹æ­“è¿ ã€‘ä»Šé€±ã‚‚ã—ã£ã‹ã‚Šï¼ãƒªãƒãƒ“ãƒªæ­Œæ ï¼ï¼â­ï¸ã€ #æ˜Ÿé™ã“ã‚† #æ­Œæ  #vtuber  #KARAOKE ã€‘,https://www.youtube.com/watch?v=VPVkqpmfreo,2025-02-11,https://i.ytimg.com/vi/VPVkqpmfreo/maxresdefault.jpg
196,'ã€ #åˆè¦‹æ­“è¿ ã€‘ãã¡ãã¡ğ‘ºğ’–ğ’ğ’ğ’†ğ’“ï¼å¤æ›²ç¸›ã‚Šã®ã€æ­Œæ ï¼ï¼ã€ #æ˜Ÿé™ã“ã‚† #æ­Œæ  #vtuber  #KARAOKE ã€‘,https://www.youtube.com/watch?v=T1b4cqWDDCM,2025-07-11,https://i.ytimg.com/vi/T1b4cqWDDCM/maxresdefault.jpg
197,'ã€åˆè¦‹ã•ã‚“å¤§æ­“è¿ã€‘8æœˆ14æ—¥ã®ã“ã¨ã€‚ç›®ãŒè¦šã‚ã‚‹ã‚«ã‚²ãƒ—ãƒ­ç¸›ã‚Šï¼æ­Œæ ï¼ï¼ã€€Singing Streamã€ #æ˜Ÿé™ã“ã‚† #æ­Œé…ä¿¡ #karaoke ã€‘,https://www.youtube.com/watch?v=-7GoeFrEGLU,2023-08-14,https://i.ytimg.com/vi/-7GoeFrEGLU/maxresdefault.jpg
198,'ã€ #åˆè¦‹æ­“è¿  ã€‘ãƒªãƒãƒ“ãƒªå£°å‡ºã—ï½´ï½¹ï¾ï½¬ï¾æ­Œæ ã€ #æ˜Ÿé™ã“ã‚† #æ­Œæ  #Vtuber #KARAOKE ã€‘,https://www.youtube.com/watch?v=GcvSVXeM5JU,2024-06-15,https://i.ytimg.com/vi/GcvSVXeM5JU/maxresdefault.jpg
199,'ã€ ç¬¬ï¼’å› #ã”ã¡ã‚ƒæ··ãœæ­Œæ ãƒªãƒ¬ãƒ¼ã€‘ä¸»å‚¬ã®ã‚»ãƒˆãƒªã‚’æ­Œã†èµ¤ã¡ã‚ƒã‚“ï¼ä»Šæ—¥ã®ã“ã‚†ã¯ã€å’Œé¢¨ãƒ­ãƒƒã‚¯ï¼ã€€ã‚»ãƒˆãƒªï¼šã¯ãã‚†ã•ã‚“ ã€ #æ˜Ÿé™ã“ã‚† #æ­Œé…ä¿¡ #karaoke ã€‘,https://www.youtube.com/watch?v=NuOJso7YXQE,2023-09-22,https://i.ytimg.com/vi/NuOJso7YXQE/maxresdefault.jpg
200,'ã€åˆè¦‹ã•ã‚“æ­“è¿ã€‘ã—ã‚ƒã¹ãƒ•ã‚§ã‚¹æ„Ÿæƒ³ä¼šã¨ã€ãŠã†ãŸãŸãŸ~ã€ #æ˜Ÿé™ã“ã‚† ï¼ #æ–°äººVtuberã€‘,https://www.youtube.com/watch?v=ie7-WtS-39I,2022-09-05,https://i.ytimg.com/vi/ie7-WtS-39I/sddefault.jpg?v=63154e3f
201,'ã€ ã‚³ãƒ©ãƒœæ­Œæ  ã€‘#ã¿ã‚Šã“ã‚† æ­Œæ ã‚³ãƒ©ãƒœï¼SINGING STREAMã€  #æ˜Ÿé™ã“ã‚† #mIlIn  ã€‘,https://www.youtube.com/watch?v=p_XXqtILG5g,2024-01-14,https://i.ytimg.com/vi/p_XXqtILG5g/maxresdefault.jpg
202,'ã€åˆè¦‹ã•ã‚“å¤§æ­“è¿ã€‘ä»Šæ—¥ã®èµ¤å­ã¯ã€æ‚ªï¼ˆï¾œï¾™ï¼‰ã€ã€ã€ã€ã€€Singing Streamã€ #æ˜Ÿé™ã“ã‚† #æ­Œé…ä¿¡ã€‘,https://www.youtube.com/watch?v=faWALEtSrAY,2023-05-21,https://i.ytimg.com/vi/faWALEtSrAY/maxresdefault.jpg
203,'ã€åˆè¦‹ã•ã‚“å¤§æ­“è¿ã€‘é€±ã®ã¯ã˜ã¾ã‚Šï¼ã®ã‚“ã³ã‚Šã†ãŸã†ãŸã†ãŸã…~ï¼ã€ #æ˜Ÿé™ã“ã‚† #æ­Œé…ä¿¡ã€‘,https://www.youtube.com/watch?v=F1Y9AVrhk4Y,2023-04-10,https://i.ytimg.com/vi/F1Y9AVrhk4Y/maxresdefault.jpg
204,'ã€ #ã‚¯ãƒªãƒŸãƒ©2024 ã€‘ ãƒœã‚«ãƒ­ç¸›ã‚Šã®ï¼“ï¼åˆ†é–“ï¼å±Šã‘ã¾ã™ï¼ï¼ ã€ #æ˜Ÿé™ã“ã‚† #æ­Œæ  #Vtuber #KARAOKE ã€‘,https://www.youtube.com/watch?v=JjCyxeSpohU,2024-12-18,https://i.ytimg.com/vi/JjCyxeSpohU/maxresdefault.jpg
205,'ã€åˆè¦‹ã•ã‚“æ­“è¿ã€‘ãŠçŸ¥ã‚‰ã›å¤šã‚ãªæ­Œé›‘è«‡é…ä¿¡~ï¼ã€ #æ˜Ÿé™ã“ã‚† ï¼ #æ–°äººVtuberã€‘,https://www.youtube.com/watch?v=X4EOuHCHJuk,2022-08-17,https://i.ytimg.com/vi/X4EOuHCHJuk/sddefault.jpg?v=62fcab4c
206,'ã€ #åˆè¦‹æ­“è¿ ã€‘ä¸»å‚¬æ­Œæ ãƒªãƒ¬ãƒ¼å‰æ—¥ï¼ğŸŒŸæ°—åˆã„å…¥ã‚Œæ­Œæ ï¼ï¼ã€ #æ˜Ÿé™ã“ã‚† #æ­Œæ  #Vtuber #KARAOKE ã€‘,https://www.youtube.com/watch?v=VQOn3NcnY1c,2024-07-20,https://i.ytimg.com/vi/VQOn3NcnY1c/maxresdefault.jpg
207,'ã€åˆè¦‹ã•ã‚“å¤§æ­“è¿ã€‘é€±ã®å§‹ã¾ã‚Šæœˆæ›œæ—¥ã€å¥½ããªæ›²ã‚’å¥½ããªã ã‘â€¦ï¼â­ï¸ã€€Singing Streamã€ #æ˜Ÿé™ã“ã‚† #æ­Œé…ä¿¡ #karaoke ã€‘,https://www.youtube.com/watch?v=24odoRRokyQ,2023-09-25,https://i.ytimg.com/vi/24odoRRokyQ/maxresdefault.jpg
208,'ã€#ç¬¬äºŒå›ä¹…é Væ­Œç¥­ã‚Šã€‘æœ€å¼·ã®ã‚®ãƒ£ãƒƒãƒ—ã€æµã‚Œæ˜Ÿã®èµ¤ã¡ã‚ƒã‚“ãŒãŠè¦‹ã›ã—ã¾ã™ï¼ Singing Streamã€  #æ˜Ÿé™ã“ã‚† #æ­Œé…ä¿¡  ã€‘,https://www.youtube.com/watch?v=RpSAH2W6CiM,2023-06-24,https://i.ytimg.com/vi/RpSAH2W6CiM/maxresdefault.jpg
209,'ã€#ã‹ã‚ã„ã„ã‚’é›†ã‚ãŸæ­Œæ ãƒªãƒ¬ãƒ¼ã€‘èµ¤ã¡ã‚ƒã‚“ãŒã€Œå¯æ„›ã„ã€ã‚’ã€ãŠå±Šã‘ï¼ï¼ Singing Streamã€  #æ˜Ÿé™ã“ã‚† #æ­Œé…ä¿¡  ã€‘,https://www.youtube.com/watch?v=qZTHrHdVNg4,2023-07-09,https://i.ytimg.com/vi/qZTHrHdVNg4/maxresdefault.jpg
210,'ã€ #åˆè¦‹æ­“è¿ ã€‘ã€Trick or Treatã€ï¼ãƒãƒ­ã‚¦ã‚£ãƒ³æ›²ç¸›ã‚Šã€æ­Œæ ğŸ¤ ğŸŒ ã€ #æ˜Ÿé™ã“ã‚† #æ­Œæ  #Vtuber #KARAOKE ã€‘,https://www.youtube.com/watch?v=xiVkSZT6Cxk,2024-10-31,https://i.ytimg.com/vi/xiVkSZT6Cxk/maxresdefault.jpg
211,'ã€ #åˆè¦‹æ­“è¿  ã€‘ä»Šå¹´åˆã®ã†ãŸã¿ãŸå…¬é–‹ï¼æ„Ÿæƒ³ï¼†æ­Œæ â­ï¸ã€ #æ˜Ÿé™ã“ã‚† #æ­Œæ  #Vtuber #KARAOKE ã€‘,https://www.youtube.com/watch?v=WOiUDR5rXdQ,2024-06-02,https://i.ytimg.com/vi/WOiUDR5rXdQ/maxresdefault.jpg
212,'ã€ #åˆè¦‹æ­“è¿ ã€‘#æ¨ã—å¯¾ã‚ªãƒ³ãƒ©ã‚¤ãƒ³ æ„Ÿæƒ³ï¼ï¼†ã®ã‚“ã³ã‚Šæ­Œæ ã€ #æ˜Ÿé™ã“ã‚† #æ­Œæ  #vtuber  #KARAOKE ã€‘,https://www.youtube.com/watch?v=hyz-LWczttA,2025-04-27,https://i.ytimg.com/vi/hyz-LWczttA/maxresdefault.jpg
213,'ã€#Vã‚¢ã‚¤ãƒ‰ãƒ«å¯¾ãƒãƒ³ã€‘ç›®æŒ‡ã™ã¯ã‚­ãƒ©ã‚­ãƒ©ã‚¢ã‚¤ãƒ‰ãƒ«Vtuberï¼â­ï¸æµã‚Œæ˜Ÿã®èµ¤ã¡ã‚ƒã‚“ã®ã‚¹ãƒ†ãƒ¼ã‚¸ã€ãŠå±Šã‘ã—ã¾ã™ï¼ã€€Singing Streamã€ #æ˜Ÿé™ã“ã‚† #æ­Œé…ä¿¡ #karaoke ã€‘,https://www.youtube.com/watch?v=LU1r_a-0ANc,2023-08-27,https://i.ytimg.com/vi/LU1r_a-0ANc/maxresdefault.jpg
214,'ã€#å¹´å¿˜ã‚ŒVæ­Œãƒªãƒ¬ãƒ¼2022ã€‘2022å¹´ãƒ©ã‚¹ãƒˆæ­Œæ ãƒªãƒ¬ãƒ¼ï¼èµ¤å­ã€æ¥½ã—ãã†ãŸãƒã¾ã™ï¼ã€  #æ˜Ÿé™ã“ã‚†  ï¼ #æ–°äººVtuberã€‘,https://www.youtube.com/watch?v=KvbbsJ1_6vc,2022-12-30,https://i.ytimg.com/vi/KvbbsJ1_6vc/maxresdefault.jpg
215,'ã€ #ãªãªã¯ã´ãƒªã‚¯ã‚¨ã‚¹ãƒˆæ­Œæ ãƒªãƒ¬ãƒ¼ ã€‘åˆã®ãªãªã¯ã´æ­Œæ ãƒªãƒ¬ãƒ¼ï¼â­èµ¤ã¡ã‚ƒã‚“ã€ç››ã‚Šä¸Šã’ã¡ã‚ƒã„ã¾ã™ï¼ã€ #æ­Œæ  #KARAOKE #Vtuber ã€‘,https://www.youtube.com/watch?v=ALjV_YsrNI8,2024-01-13,https://i.ytimg.com/vi/ALjV_YsrNI8/maxresdefault.jpg
216,'ã€ #åˆè¦‹æ­“è¿ ã€‘ãŸãã•ã‚“æ­ŒãŠã†ã€è¡“å¾Œãƒªãƒãƒ“ãƒªæ­Œæ ã€ #æ˜Ÿé™ã“ã‚† #æ­Œæ  #vtuber  #KARAOKE ã€‘,https://www.youtube.com/watch?v=YjtZL7-0n3A,2025-02-18,https://i.ytimg.com/vi/YjtZL7-0n3A/maxresdefault.jpg
217,'ã€#æ­Œã†ã¾Væ­Œæ ãƒªãƒ¬ãƒ¼ã€‘ã“ã‚†ã¨ä¸€ç·’ã«ã€ã½ã‹ã½ã‹ã‚¯ãƒªã‚¹ãƒã‚¹ï¼ã€  #æ˜Ÿé™ã“ã‚†  ï¼ #æ–°äººVtuberã€‘,https://www.youtube.com/watch?v=3eKIdvZOOc8,2022-12-23,https://i.ytimg.com/vi/3eKIdvZOOc8/maxresdefault.jpg
218,'ã€åˆè¦‹ã•ã‚“å¤§æ­“è¿ã€‘å…¨éƒ¨æ–°æ›²ï¼ï¼ï¼ï¼ã¿ã‚“ãªèã„ã¦ãã‚Œã‚‡ï¾…ï¼ï¼ï¼ï¼ã€  #æ˜Ÿé™ã“ã‚†  ï¼ #æ–°äººVtuberã€‘,https://www.youtube.com/watch?v=EHJDvvK6950,2022-11-26,https://i.ytimg.com/vi/EHJDvvK6950/maxresdefault.jpg
219,'ã€#ãƒ©ã‚¤ãƒ‰ãƒªãƒ•ã‚§ã‚¹æ­Œæ ãƒªãƒ¬ãƒ¼ã€‘ã‚¯ãƒªã‚¹ãƒã‚¹ã‚’ã€æ­Œã§å½©ã‚‹ï¼â­ï¸æµã‚Œæ˜Ÿã®èµ¤ã¡ã‚ƒã‚“ãŒå±Šã‘ã‚‹ã€Œå†¬ã®æ­Œã€ã€€Singing Streamã€ #æ˜Ÿé™ã“ã‚† #æ­Œé…ä¿¡ #karaoke ã€‘,https://www.youtube.com/watch?v=zq-4gCilj5M,2023-12-25,https://i.ytimg.com/vi/zq-4gCilj5M/maxresdefault.jpg
220,'ã€ #åˆè¦‹æ­“è¿ ã€‘ãƒœã‚«ãƒ­æ›²ã€å¥½ããªã ã‘ï¼ãƒœã‚«ãƒ­ç¸›ã‚Šæ­Œæ ğŸ¤ ğŸŒ ã€ #æ˜Ÿé™ã“ã‚† #æ­Œæ  #Vtuber #KARAOKE ã€‘,https://www.youtube.com/watch?v=QN-l0ztGDxI,2024-10-16,https://i.ytimg.com/vi/QN-l0ztGDxI/maxresdefault.jpg
221,'ã€åˆè¦‹ã•ã‚“å¤§æ­“è¿ã€‘é‡å¤§ç™ºè¡¨ã¨ã€æ±ºæ„è¡¨æ˜ã€‚çµ¶å¯¾ã«å¤¢ã‚’ã€å¶ãˆãŸã„ï¼ï¼ã€€Singing Streamã€ #æ˜Ÿé™ã“ã‚† #æ­Œé…ä¿¡ #karaoke ã€‘,https://www.youtube.com/watch?v=O4IsFBKzyqc,2023-10-14,https://i.ytimg.com/vi/O4IsFBKzyqc/maxresdefault.jpg
222,'ã€ #VTIPSãƒ•ã‚¡ã‚¤ãƒŠãƒ«æ­Œæ ãƒªãƒ¬ãƒ¼ ã€‘ãŸãã•ã‚“ã®æ„Ÿè¬ã¨æ„›ã‚’ï¼æ­Œã«ã®ã›ã¦å±Šã‘ã¾ã™â€¦ï¼ã€ #æ˜Ÿé™ã“ã‚† #æ­Œæ  #vtuber  #KARAOKE ã€‘,https://www.youtube.com/watch?v=aqvIJVxzHjg,2025-06-15,https://i.ytimg.com/vi/aqvIJVxzHjg/maxresdefault.jpg
223,'ã€#æ˜Ÿã«é¡˜ã†Væ­Œæ ãƒªãƒ¬ãƒ¼ã€‘ãã‚‰ãã‚‰æµã‚Œæ˜Ÿã®èµ¤ã¡ã‚ƒã‚“ã€ä¸ƒå¤•ã«é¡˜ã„ã‚’ã“ã‚ã¦æ­Œã„ã¾ã™ï¼ã€ #æ˜Ÿé™ã“ã‚† #æ­Œæ  #Vtuber #KARAOKE ã€‘,https://www.youtube.com/watch?v=IOvRHJD1OiA,2024-07-07,https://i.ytimg.com/vi/IOvRHJD1OiA/maxresdefault.jpg
224,'ã€ #åˆè¦‹æ­“è¿ ã€‘ã®ã‚“ã³ã‚Šãƒãƒ©ãƒ¼ãƒ‰ã‚ƒã•ã‚“ã§ã™ã€ï¼‘æ›²ã„ã‹ãŒã§ã™ã‹â€¦ï¼Ÿã€ #æ˜Ÿé™ã“ã‚† #æ­Œæ  #Vtuber #KARAOKE ã€‘,https://www.youtube.com/watch?v=pBSmALHJU9Y,2024-09-08,https://i.ytimg.com/vi/pBSmALHJU9Y/maxresdefault.jpg
225,'ã€ #Vãƒ†ãƒ¼ãƒã‚½ãƒ³ã‚°ãƒªãƒ¬ãƒ¼ ã€‘ æµã‚Œæ˜Ÿã®èµ¤ã¡ã‚ƒã‚“ã€å›ã«ãŠæ­Œã‚’å±Šã‘ã¾ã™ï¼ï¼ã€ #æ˜Ÿé™ã“ã‚† #æ­Œæ  #Vtuber #KARAOKE ã€‘,https://www.youtube.com/watch?v=gHgzgsICqKw,2024-12-28,https://i.ytimg.com/vi/gHgzgsICqKw/maxresdefault.jpg
226,'ã€ #VTuber50éŸ³æ­Œæ ãƒªãƒ¬ãƒ¼ã€‘ã€Œã‚®ãƒ£ãƒƒãƒ—ã€ã§ã€å›ã‚’é­…äº†ã™ã‚‹ï¼èµ¤ã¡ã‚ƒã‚“æ­Œã„ã¾ã™ï¼ï¼ã€€Singing Streamã€ #æ˜Ÿé™ã“ã‚† #æ­Œé…ä¿¡ #karaoke ã€‘,https://www.youtube.com/watch?v=CNQ6qN_PO58,2023-08-19,https://i.ytimg.com/vi/CNQ6qN_PO58/maxresdefault.jpg
227,'ã€#ãªãªã¯ã´VTIPSã‚³ãƒ©ãƒœæ­Œæ ãƒªãƒ¬ãƒ¼ã€‘ğŸ‘¼ğŸ»å¤§ãƒˆãƒªï¼æµã‚Œæ˜Ÿã®èµ¤ã¡ã‚ƒã‚“ã€æ­Œã„ã¾ã™ï¼â­ã€#ãƒãƒ¬ãƒ³ã‚¿ã‚¤ãƒ³ã€‘,https://www.youtube.com/watch?v=TEdAKFI8Wqg,2025-02-09,https://i.ytimg.com/vi/TEdAKFI8Wqg/maxresdefault.jpg
228,'ã€ #å››å­£èŠ±ãƒªãƒ¬ãƒ¼ ã€‘å†¬ã«å±Šã‘ã‚‹ã€å¹¸ç¦ãªæ„›ã®èŠ±ã€‚ã€ #æ˜Ÿé™ã“ã‚† #æ­Œæ  #Vtuber #KARAOKE ã€‘,https://www.youtube.com/watch?v=cMu87wI4m8Y,2025-01-19,https://i.ytimg.com/vi/cMu87wI4m8Y/maxresdefault.jpg
229,'ã€ #å­¦ãƒã‚¹Pæ¦‚å¿µæ­Œæ ãƒªãƒ¬ãƒ¼ã€‘ã‚‚ã£ã¨é«˜ãã¾ã§ï¼è‘›åŸãƒªãƒ¼ãƒªãƒ¤Pèµ¤ã¡ã‚ƒã‚“ã€æ­Œã„ã¾ã™ï¼ğŸ¤ã€ #æ˜Ÿé™ã“ã‚† #æ­Œæ  #Vtuber #KARAOKE ã€‘,https://www.youtube.com/watch?v=Kl41Ecq96xI,2024-08-04,https://i.ytimg.com/vi/Kl41Ecq96xI/maxresdefault.jpg
230,'ã€ #åˆè¦‹æ­“è¿ ã€‘ã®ã‚“ã³ã‚Šå›ã¨ã€æ­Œé›‘è«‡é…ä¿¡ï¼â­ï¸ğŸ¤ã€ #æ˜Ÿé™ã“ã‚† #æ­Œæ  #Vtuber #KARAOKE ã€‘,https://www.youtube.com/watch?v=PcXvKC4j86U,2024-08-03,https://i.ytimg.com/vi/PcXvKC4j86U/maxresdefault.jpg
231,'ã€ #åˆè¦‹æ­“è¿ ã€‘ãƒªãƒãƒ“ãƒªå…¼ã­ã¦ã€ä½éŸ³æ­Œæ â€¦ï¼ï¼ï¼ï¼ï¼ï¼ã€ #æ˜Ÿé™ã“ã‚† #æ­Œæ  #Vtuber #KARAOKE ã€‘,https://www.youtube.com/watch?v=_dQ8z2zIKc4,2025-01-14,https://i.ytimg.com/vi/_dQ8z2zIKc4/maxresdefault.jpg
232,'ã€åˆè¦‹ã•ã‚“å¤§æ­“è¿ã€‘è¦šãˆãŸã¦ã®ãŠæ­Œã€ã‚ã‚Šã¾ã™ã€‚ã€€Singing Streamã€ #æ˜Ÿé™ã“ã‚† #æ­Œé…ä¿¡ #karaoke ã€‘,https://www.youtube.com/watch?v=IXBEanAuxVI,2023-12-04,https://i.ytimg.com/vi/IXBEanAuxVI/maxresdefault.jpg
233,'Live_2023-09-02,https://www.youtube.com/live/M5UhfHMu8y8,2023-09-02,
234,'ã€åˆè¦‹ã•ã‚“å¤§æ­“è¿ã€‘æ­Œæ ãƒªãƒ¬ãƒ¼å‰æ—¥ï¼è‡ªç”±ã«ç·´ç¿’ã—ã¡ã‚ƒã†ã‚ã‚‡ã€ã€ï¼ã€€Singing Streamã€ #æ˜Ÿé™ã“ã‚† #æ­Œé…ä¿¡ #karaoke ã€‘,https://www.youtube.com/watch?v=DhyXA_Idh8E,2024-01-12,https://i.ytimg.com/vi/DhyXA_Idh8E/maxresdefault.jpg
235,'ã€ åˆè¦‹ã•ã‚“å¤§æ­“è¿ã€‘#ãƒ­ãƒªå¥½ãã«æ§ãæ­Œæ ãƒªãƒ¬ãƒ¼ ãŠç–²ã‚Œæ§˜ã§ã—ãŸ~ï¼ï¼æ„Ÿæƒ³ï¼†è‡ªç”±ãªæ­Œæ ï¼ï¼ï¼ã€ #æ˜Ÿé™ã“ã‚† #æ­Œæ  #Vtuber #KARAOKE ã€‘,https://www.youtube.com/watch?v=wC_EkySIbRU,2024-04-21,https://i.ytimg.com/vi/wC_EkySIbRU/maxresdefault.jpg
236,'ã€ #ã¿ã‚Šã“ã‚†ã®æ—¥ ã€‘3/5ã¯ã¿ã‚Šã“ã‚†ã®æ—¥ï¼ï¼’äººã§ç¹‹ãã€æ­Œæ ãƒªãƒ¬ãƒ¼ï¼ï¼ã€ #æ˜Ÿé™ã“ã‚† #æ­Œæ  #vtuber  #KARAOKE ã€‘,https://www.youtube.com/watch?v=rTfm0TGy3HE,2025-03-05,https://i.ytimg.com/vi/rTfm0TGy3HE/maxresdefault.jpg
237,'ã€#æ­Œæ  ã€‘ä¹…ã€…ã®æ­Œæ ï¼â­ï¸æ­Œã„ãŸã„æ›²æ­Œã„ãŸã„ã ã‘ï¼ï¼ #karaoke #shorts #short ã€ #æ˜Ÿé™ã“ã‚† ã€‘,https://www.youtube.com/watch?v=redFqdHDtl4,2024-05-29,https://i.ytimg.com/vi/redFqdHDtl4/maxresdefault.jpg
238,'ã€ #åˆè¦‹æ­“è¿ ã€‘æ­ŒãŒå¤§å¥½ããªèµ¤å­ã§ã™ã€‚ä»Šæ—¥ã‚‚è‡ªç”±ã«ã€æ­Œã„ã¾ã™â€¦ï¼ï¼ã€ #æ˜Ÿé™ã“ã‚† #æ­Œæ  #vtuber  #KARAOKE ã€‘,https://www.youtube.com/watch?v=W71SKe8oJBY,2025-04-11,https://i.ytimg.com/vi/W71SKe8oJBY/maxresdefault.jpg
239,'ã€ #åˆè¦‹æ­“è¿  ã€‘#å­¦ãƒã‚¹ æ¥½æ›²ç¸›ã‚Šã®æ­Œæ ï¼ï¼ã€ #æ˜Ÿé™ã“ã‚† #æ­Œæ  #Vtuber #KARAOKE ã€‘,https://www.youtube.com/watch?v=y2eKyLb6SQE,2024-06-24,https://i.ytimg.com/vi/y2eKyLb6SQE/maxresdefault.jpg
240,'ã€ #ãã‚…ã‚“ãã‚…ã‚“æ­Œæ ãƒªãƒ¬ãƒ¼ ã€‘æ¢…é›¨ã«å±Šã‘ã‚‹ã€æœ€é«˜ã«å¯æ„›ã„æ‹æ„›ã‚½ãƒ³ã‚°ï¼ï¼ã€ #æ˜Ÿé™ã“ã‚† #æ­Œæ  #vtuber  #KARAOKE ã€‘,https://www.youtube.com/watch?v=pCKi5fy7Gtw,2025-06-21,https://i.ytimg.com/vi/pCKi5fy7Gtw/maxresdefault.jpg
241,'ã€ #æ­Œæ  ã€‘ä¹…ã€…ã§ã™ã­ã€è‡ªç”±ãªç¸¦å‹æ­Œæ ï¼ï¼â­ï¸ #karaoke  #shorts #short ã€ #æ˜Ÿé™ã“ã‚† ã€‘,https://www.youtube.com/watch?v=cZACC5muVws,2024-10-17,https://i.ytimg.com/vi/cZACC5muVws/maxresdefault.jpg
242,'ã€ #åˆè¦‹æ­“è¿ ã€‘æ‰‹è¡“å¾Œãƒªãƒãƒ“ãƒªï¼ã‚‡ã†ã‚ƒãã€ãƒœã‚«ãƒ­ã«æŒ‘æˆ¦ã ï¼ï¼ã€ #æ˜Ÿé™ã“ã‚† #æ­Œæ  #vtuber  #KARAOKE ã€‘,https://www.youtube.com/watch?v=WE87DOLiQQQ,2025-03-17,https://i.ytimg.com/vi/WE87DOLiQQQ/maxresdefault.jpg
243,'ã€ #ã‚¢ã‚¤ãƒ‰ãƒ«å¸ƒæ•™æ­Œæ ãƒªãƒ¬ãƒ¼ ã€‘ãƒˆãƒƒãƒ—ãƒãƒƒã‚¿ãƒ¼é§†ã‘æŠœã‘ã¾ã™ï¼ã“ã‚†ãŒå±Šã‘ã‚‹æœ€å¼·ã‚¢ã‚¤ãƒ‰ãƒ«ã‚½ãƒ³ã‚°ï¼â­ï¸ã€ #æ˜Ÿé™ã“ã‚† #æ­Œæ  #vtuber  #KARAOKE ã€‘,https://www.youtube.com/watch?v=z6pVpQXPgfU,2025-05-10,https://i.ytimg.com/vi/z6pVpQXPgfU/maxresdefault.jpg
