mng_music_id,title,artist
1,'シル・ヴ・プレジデント,'P丸様。
2,'愛のシュプリーム(OPサイズver),'fhana
3,'ギラギラ,'Ado
4,'ANIMA,'ReoNa
5,'プラチナ,'坂本真綾
6,'完全感覚Dreamer,'ONE OK ROCK
7,'メンタルチェンソー,'P丸様。
8,'ヴァンパイア,'DECO*27
9,'お勉強しといてよ,'ずっと真夜中でいいのに。
10,'怪物,'YOASOBI
11,'だから僕は音楽を辞めた,'ヨルシカ
12,'群青,'YOASOBI
13,'やさしさで溢れるように,'JUJU
14,'RE:I AM,'Aimer
15,'贖罪,'傘村トータ
16,'会いたくて,'Ado
17,'シルシ,'LiSA
18,'ダイアモンド クレバス,'シェリル・ノーム starring May'n
19,'フリージア,'uru
20,'君の知らない物語,'supercell
21,'もしも…,'モベキマス
22,'春を告げる,'yama
23,'Henceforth,'Orangestar
24,'コネクト,'ClariS
25,'踊,'Ado
26,'ビターチョコデコレーション,'syudou
27,'Fantastic future,'田村ゆかり
28,'オリオンをなぞる,'UNISON SQUARE GARDEN
29,'0-week-old,'ファルル(cv.赤﨑千夏)
30,'紅蓮華,'LiSA
31,'1・2・3,'After the Rain
32,'廻廻奇譚,'Eve
33,'炎,'LiSA
34,'traumerei,'LiSA
35,'魔女っ子メグちゃん,'アンジュルム
36,'凶夢伝染,'ALI PROJECT
37,'ハルジオン,'YOASOBI
38,'魂のルフラン,'高橋洋子
39,'残酷な天使のテーゼ,'高橋洋子
40,'うまぴょい伝説,'ウマ娘
41,'一番の宝物,'Girls Dead Monster
42,'ライオン,"'シェリル・ノーム starring May'n,ランカ・リー=中島愛"
43,'CITRUS,'Da-iCE
44,'イージーゲーム,'natsumi
45,'シンデレラ,'DECO*27
46,'撲殺天使ドクロちゃん,'ドクロちゃん(千葉紗子)
47,'水平線,'back number
48,'from the edge,'FictionJunction feat. LiSA
49,'阿修羅ちゃん,'Ado
50,'ミライチズ,'夜のひと笑い
51,'アスノヨゾラ哨戒班,'Orangestar
52,'ANTI THE∞HOLiC,'Storyteller(GAiA×cosMo@暴走P)
53,'初音ミクの消失,'cosMo@暴走P
54,'Comet,'YOASOBI
55,'別の人の彼女になったよ,'wacci
56,'瞬き,'back number
57,'テオ,'Omoi
58,'バビロン,'トーマ
59,'からくりピエロ,'40mP
60,'p.h.,'SEVENTHLINKS
61,'カンタレラ,'WhiteFlame
62,'ブリキノダンス,'日向電工
63,'About me,'蝶々P
64,'マシンガンポエムドール,'cosMo@暴走P
65,'ハローディストピア,'After the Rain
66,'残響散歌,'Aimer
67,'夜明けと蛍,'n-buna
68,'命に嫌われている,'カンザキイオリ
69,'え？あぁ、そう。,'蝶々P
70,'裏表ラバーズ,'wowaka
71,'脳漿炸裂ガール,'れるりり
72,'一発即答☆解ガール,'れるりり
73,'メルト,'supercell
74,'LOVEマシーン,'モーニング娘。
75,'チクタク私の旬,'Juice＝Juice
76,'今夜だけ浮かれたかった,'つばきファクトリー
77,'会いたい会いたい会いたいな,'℃-ute
78,'Urafa＝Lover,'アンジュルム
79,'初恋サイダー,'Buono!
80,'ブギウギLOVE,'カントリー・ガールズ
81,'ブスにならない哲学,'モベキマス
82,'スッペシャルジェネレ～ション,'Berryz工房
83,'シャボン玉,'モーニング娘。
84,'「ひとりで生きられそう」って それってねえ、褒めているの?,'Juice=Juice
85,'ナルシスカマってちゃん協奏曲第５番,'モーニング娘。’17
86,'ガタメキラ,'太陽とシスコムーン
87,'ね～え？,'松浦亜弥
88,'恋のダンスサイト,'モーニング娘。
89,'赤いイヤホン,'アンジュルム
90,'わがまま気のまま愛のジョーク,'モーニング娘。
91,'続いていくSTORY,'Juice=Juice
92,'フォニイ,'ツミキ
93,'しゅきぴ,'=LOVE
94,'GO! GO! MANIAC,'放課後ティータイム
95,'Los! Los! Los!,'ターニャ・デグレチャフ(悠木碧)
96,'みかん,'モーニング娘。
97,'同担☆拒否,'HoneyWorks
98,'気まぐれプリンセス,'モーニング娘。
99,'Scarlet Ballet,'May'n
100,'神っぽいな,'ピノキオピー
101,'ファンサ,'HoneyWorks
102,'根も葉もRumor,'AKB48
103,'オトメロディー,'高橋美佳子
104,'アンパンマンのマーチ,'ドリーミング
105,'プロミスザスター,'BiSH
106,'いけないボーダーライン,'ワルキューレ
107,'ちきゅう大爆発,'P丸様。
108,'あの世行きのバスに乗ってさらば,'ツユ
109,'低血ボルト,'ずっと真夜中でいいのに。
110,'Dear Mr 「F」,'ずっと真夜中でいいのに。
111,'DaydreamCafé,'Petit Rabbit's
112,'Wonderful Rush,'μ's
113,'心做し,'蝶々P
114,'ヒアルロンリーガール,'ZOC
115,'グリズリーに襲われたら,'神宿
116,'女の子になりたい,'まふまふ
117,'17歳,'HoneyWorks
118,'ズルいよ ズルいね,'=LOVE
119,'可愛くなりたい,'HoneyWorks
120,'Booo!,'TOKOTOKO(西沢さんP)
121,'アリスブルー,'HoneyWorks
122,'ストロー,'aiko
123,'only my railgun,'fripSide
124,'Sincerely,'TRUE
125,'Catch You Catch Me,'グミ
126,'ETERNAL BLAZE,'水樹奈々
127,'Synchrogazer,'水樹奈々
128,'ルル,'やくしまるえつこ
129,'少年よ我に帰れ,'やくしまるえつこ
130,'でび&えん☆Reversible Ring,'アロマゲドン
131,'MOON PRIDE,'ももいろクローバーZ
132,'小さきもの,'林明日香
133,'ハム太郎とっとこうた,'ハムちゃんず
134,'ようこそジャパリパークへ,'どうぶつビスケッツ×PPP
135,'ワンルームシュガーライフ,'ナナヲアカリ
136,'46億年LOVE,'アンジュルム
137,'Teenage Solution,'モーニング娘。'21
138,'Future Smile,'Juice=Juice
139,'初恋サンライズ,'つばきファクトリー
140,'ビタミンME,'BEYOOOOONDS
141,'恋の呪縛,'Berryz工房
142,'まっさらブルージーンズ,'℃-ute
143,'好きかもしれない,'こぶしファクトリー
144,'ミステリーナイト！,'スマイレージ
145,'都営大江戸線の六本木駅で抱きしめて,'CHICA#TETSU
146,'GIRL ZONE,'雨ノ森川海
147,'What is LOVE?,'モーニング娘。'14
148,'Only you,'モーニング娘。
149,'秒針を噛む,'ずっと真夜中でいいのに。
150,'君の体温,'クワガタP
151,'ミカヅキ,'さユり
152,'佐賀事変,'フランシュシュ
153,'ヒッチコック,'ヨルシカ
154,'きゅうくらりん,'いよわ
155,'メルティランドナイトメア,'はるまきごはん
156,'阿吽のビーツ,'羽生まゐご
157,'優しい彗星,'YOASOBI
158,'蝶々結び,'Aimer
159,'脳裏上のクラッカー,'ずっと真夜中でいいのに。
160,'ヒューマノイド,'ずっと真夜中でいいのに。
161,'眩しいのはDNAだけ,'ずっと真夜中でいいのに。
162,'正義,'ずっと真夜中でいいのに。
163,'蹴っ飛ばした毛布,'ずっと真夜中でいいのに。
164,'こんなこと騒動,'ずっと真夜中でいいのに。
165,'ハゼ馳せる果てるまで,'ずっと真夜中でいいのに。
166,'サターン,'ずっと真夜中でいいのに。
167,'暗く黒く,'ずっと真夜中でいいのに。
168,'雲丹と栗,'ずっと真夜中でいいのに。
169,'春雷,'米津玄師
170,'恋色に咲け,'HoneyWorks
171,'春嵐,'john
172,'YELL,'いきものがかり
173,'梅,'私立恵比寿中学
174,'春泥棒,'ヨルシカ
175,'ロマンティック 浮かれモード,'藤本美貴
176,'桜のあと,'UNISON SQUARE GARDEN
177,'心という名の不可解,'Ado
178,'春風,'Rihwa
179,'シンデレラボーイ,'Saucy Dog
180,'トンデモワンダーズ,'sasakure.UK
181,'ロックな君とはお別れだ,'ツユ
182,'ダダダダ天使,'ナナヲアカリ
183,'火炎,'女王蜂
184,'花に亡霊,'ヨルシカ
185,'回る空うさぎ,'Orangestar
186,'オリビアを聴きながら,'尾崎亜美
187,'人間が大好きなこわれた妖怪の唄,'ビートまりお
188,'Ham,'ずっと真夜中でいいのに。
189,'エミリーと15の約束,'majiko
190,'くうになる,'MIMI
191,'デモーニッシュ,'ツユ
192,'永遠のあくる日,'Ado
193,'魔法少女とチョコレゐト,'ピノキオピー
194,'たりねぇ,'syudou
195,'悪魔の子,'ヒグチアイ
196,'猫リセット,'ずっと真夜中でいいのに。
197,'ベノム ,'かいりきベア
198,'フリコドウル,'HIMEHINA
199,'キャットラビング,'香椎モイミ
200,'相思相愛リフレクション,'HIMEHINA
201,'Ark,'Sound Horizon
202,'初音ミクの暴走,'cosMo@暴走P
203,'チルノのパーフェクトさんすう教室,'IOSYS
204,'EYE,'Kanaria
205,'マーシャル・マキシマイザー,'柊マグネタイト
206,'ロキ,'みきとP
207,'ロウワー,'ぬゆり
208,'ヒバナ,'DECO*27
209,'ミックスナッツ,'Official髭男dism
210,'覚醒,'Superfly
211,'Sparkling Daydream,'ZAQ
212,'THERE IS A REASON,'鈴木このみ
213,'ぼなぺてぃーと♡S,'ブレンド・A(和氣あず未、鬼頭明里、春野杏)
214,'ヒャダインのじょーじょーゆーじょー,'ヒャダイン
215,'I beg you,'Aimer
216,'Paradisus-Paradoxum,'MYTH & ROID
217,'ビビっとラブ,'CHiCO with HoneyWorks
218,'Wishing,'レム(水瀬いのり)
219,'This game,'鈴木このみ
220,'Starry Wish,'水瀬いのり
221,'メリュー,'n-buna
222,'白ゆき,'n-bana
223,'曖昧劣情Lover,'電ポルP
224,'あなたの夜が明けるまで,'傘村トータ
225,'ヨワネハキ,'和ぬか
226,'アイロニ,'すこっぷ
227,'ギューされたいだけなのに,'モーニング娘。'20
228,'誇り高きアイドル,'HoneyWorks
229,'夢見る 15歳,'スマイレージ
230,'コットンキャンディえいえいおー！,'黒澤ルビィ(降幡愛)
231,'ヒトガタ,'HIMEHINA
232,'制服のマネキン,'乃木坂46
233,'泳げないMermaid,'アンジュルム
234,'未確認中学生X ,'私立恵比寿中学
235,'ただ君に晴れ,'ヨルシカ
236,'深海少女,'ゆうゆ
237,'IMAWANOKIWA,'いよわ
238,'INTERNET OVERDOSE,'Aiobahn
239,'黒い羊,'欅坂46
240,'Phantom Joke,'UNISON SQUARE GARDEN
241,'いかないで,'想太
242,'六兆年と一夜物語,'kemu
243,'藍二乗,'ヨルシカ
244,'終点の先が在るとするならば。,'ツユ
245,'daze,'じん
246,'死神,'米津玄師
247,'異星にいこうね,'いよわ
248,'女と男のララバイゲーム,'モーニング娘。
249,'Habit,'SEKAI NO OWARI
250,'Black Out,'Azari
251,'bad guy,'BILLIE EILISH
252,'転生林檎,'ピノキオピー
253,'ヴィータ,'柊キライ
254,'とても素敵な六月でした,'Eight
255,'月陽-ツキアカリ-,'みきとP
256,'夏の半券,'みきとP
257,'ダーリンダンス,'かいりきベア
258,'天ノ弱,'164
259,'ロミオとシンデレラ,'doriko
260,'嗤うマネキン,'MI8k
261,'乙女解剖,'DECO*27
262,'シャルル,'バルーン
263,'ヴィラン,'てにをは
264,'きみだけは。,'天月-あまつき-
265,'夏祭り,'Whiteberry
266,'打上花火,'DAOKO × 米津玄師
267,'雨とカプチーノ,'ヨルシカ
268,'だれかの心臓になれたなら,'ユリイ・カノン
269,'惡手,'ユリイ・カノン
270,'アイデンティティ,'Kanaria
271,'お行儀よくね,'てにをは
272,'愛を貰っちゃいけなかった,'傘村トータ
273,'夜に駆ける,'YOASOBI
274,'うっせぇわ,'Ado
275,'KING,'Kanaria
276,'ノーダウト,'Official髭男dism
277,'ナツノカゼ御来光,'じっぷす
278,'君と夏フェス,'SHISHAMO
279,'天体観測,'BUMP OF CHICKEN
280,'夏恋花火,'40mP&シャノ
281,'HOT LIMIT,'T.M.Revolution
282,'鎖の少女,'のぼる↑
283,'想像フォレスト,'じん
284,'エンヴィーベイビー,'Kanaria
285,'セカイはまだ始まってすらいない,'ピノキオピー
286,'シャンティ,'wotaku
287,'撫でんな,'柊マグネタイト
288,'3分ガール,'HIMEHINA
289,'おじゃま虫II,'DECO*27
290,'ツギハギスタッカート,'とあ
291,'『どっくっん。』,'SLAVE.V-V-R
292,'カーニバルハッピー,'かいりきベア
293,'ラグトレイン,'稲葉曇
294,'あだぽしゃ,'いよわ
295,'あいつら全員同窓会,'ずっと真夜中でいいのに。
296,'だいしきゅーだいしゅき,'femme fatale
297,'ウタカタララバイ,'Ado
298,'MOTTAI,'P丸様。
299,'うたかたよいかないで,'HIMEHINA
300,'GIRLS' LEGEND U,'ウマ娘
301,'バグ,'かいりきベア
302,'新時代,'Ado
303,'FAKE LAND,'FAKE TYPE.
304,'恋のクラウチングスタート,'OCHA NORMA
305,'メランコリック,'Junky
306,'QUEEN,'Kanaria
307,'ロスタイムメモリー,'じん
308,'I'm Your Treasure Box *あなたは マリンせんちょうを たからばこからみつけた。,'宝鐘マリン
309,'アドレナリン・ダメ,'つばきファクトリー
310,'Baby Sweet Berry Love,'小倉唯
311,'sweets parade,'髏々宮カルタ(花澤香菜)
312,'もぐもぐYUMMY!,'猫又おかゆ
313,'ディスコミュ星人,'ナナヲアカリ
314,'ちょっとあざとい,'才歌
315,'おねがいダーリン,'ナナホシ管弦楽団
316,'Tot Musica,'Ado
317,'可変３連MIXをおぼえる歌,'iLiFE!
318,'金木犀,'くじら
319,'Happy Halloween,'Junky
320,'Mrs.Pumpkinの滑稽な夢,'ハチ
321,'Crazy Party Night ～ぱんぷきんの逆襲～,'きゃりーぱみゅぱみゅ
322,'ヨセアツメ,'和ぬか
323,'パラサイト,'DECO*27
324,'弱虫モンブラン,'DECO*27
325,'負けないで,'ZARD
326,'小さい秋見つけた,'童謡
327,'ビバハピ,'Mitchie M
328,'ネコミミアーカイブ,'糞田舎P
329,'ウマぴょい伝説,'ウマ娘
330,'bud guy,'ビリー・アイリッシュ
331,'サクリファイス,'まふまふ
332,'SPiCa,'阿部尚
333,'病名恋ワズライ,'HoneyWorks
334,'琥珀の身体,'HIMEHINA
335,'ハロ/ハワユ,'ナノウ
336,'左右盲,'ヨルシカ
337,'カノン,'柊マグネタイト
338,'月のワルツ,'諫山実生
339,'Magia,'Kalafina
340,'すきっ!,'ときめき・宣伝部
341,'アンコール,'YOASOBI
342,'チュープリ,'ZOC
343,'恋は渾沌の隷也,'後ろから這いより隊G
344,'Honey・Come!!,'小倉唯
345,'Rising Hope,'LiSA
346,'祝福,'YOASOBI
347,'Overdose,'なとり
348,'魔法,'さとうもか
349,'死ぬのがいいわ,'藤井 風
350,'キラースパイダー,'ピノキオピー
351,'かたち,'安月名莉子
352,'ノーザンクロス,'シェリル・ノーム starring May'n
353,'KICK BACK,'米津玄師
354,'ユメヲカケル!,'ウマ娘
355,'ゾンビ,'DECO*27
356,'月光,'キタニタツヤ × はるまきごはん
357,'悪魔の踊り方,'こんにちは谷田さん
358,'優しい彗星 English Ver,'YOASOBI
359,'前前前世,'RADWIMPS
360,'なんでもないや,'RADWIMPS
361,'ぴったりしたいX'mas!,'プッチモニ
362,'ちゅ、多様性。,'ano
363,'クリスマスソング,'back number
364,'ギターと孤独と蒼い惑星,'結束バンド
365,'にっこり^^調査隊のテーマ,'じーざす(ワンダフル☆オポチュニティ!)
366,'インザバックルーム,'syudou
367,'好き!雪!本気マジック,'Mitchie M
368,'可愛くてごめん,'HoneyWorks
369,'愛なんですよ,'MILGRAM マヒル(岡咲美保)
370,'ヘブンドープ,'煮ル果実
371,'Iラブ,'リリぴ
372,'錠剤,'TOOBOE
373,'Subtitle,'Official髭男dism
374,'徒花ネクロマンシー,'フランシュシュ
375,'Cry Baby,'Official髭男dism
376,'恋愛サーキュレーション,'千石撫子(花澤香菜)
377,'God knows...,'涼宮ハルヒ(平野綾)
378,'人間関係No way way,'モーニング娘。'20
379,'メリッサ,'ポルノグラフィティ
380,'残機,'ずっと真夜中でいいのに。
381,'言って。,'ヨルシカ
382,'The Everlasting Guilty Crown,'EGOIST
383,'CH4NGE,'Giga
384,'イジワルしないで 抱きしめてよ,'Juice=Juice
385,'正しくなれない,'ずっと真夜中でいいのに。
386,'絶頂讃歌,'和ぬか
387,'ナージャ!!,'本田美奈子
388,'初めての恋が終わる時,'supercell
389,'たばこ,'コレサワ
390,'アイネクライネ,'米津玄師
391,'Pretender,'Official髭男dism
392,'flos,'R Sound Design
393,'ありがとう,'いきものがかり
394,'雨とペトラ,'バルーン
395,'サリシノハラ,'みきとP
396,'アンノウン・マザーグース,'wowaka
397,'ジェヘナ,'wotaku
398,'トリコロージュ,'煮ル果実
399,'取扱注意,'syudou
400,'東京テディベア,'Neru
401,'ダウンタイム,'すりぃ
402,'ワールドイズマイン,'supercell
403,'どんな結末がお望みだい?,'ツユ
404,'-ERROR,'niki
405,'リンちゃんなう!,'オワタP
406,'ヒビカセ,'れをる
407,'こちら、幸福安心委員会です。,'うたたP
408,'哀悼、そして日常は続く,'卯花ロク
409,'自称、音楽愛好家,'卯花ロク
410,'Just Be Friends,'Dixie Flatline
411,'ぽっぴっぽー,'ラマーズP
412,'気まぐれメルシィ,'八王子P
413,'千本桜,'WhiteFlame
414,'STYX HELIX,'MYTH & ROID
415,'パート・オブ・ユア・ワールド,'ディズニー
416,'さよならメモリーズ,'supercell
417,'桜ノ雨,'halyosy
418,'3月9日,'レミオロメン
419,'嘘,'シド
420,'8.32,'*Luna
421,'花降らし,'n-buna
422,'大女優さん,'いよわ
423,'INTERNET YAMERO,'Aiobahn
424,'マネキン,'DECO*27
425,'テレキャスタービーボーイ,'すりぃ
426,'星座になれたら,'結束バンド
427,'五月は花緑青の窓辺から,'ヨルシカ
428,'平行線,'さユり
429,'slash,'yama
430,'深海のリトルクライ,'sasakure.UK
431,'チノカテ,'ヨルシカ
432,'アイドル,'YOASOBI
433,'おしゃかしゃま,'RADWIMPS
434,'めざせポケモンマスター,'松本梨香
435,'I WISH,'モーニング娘。
436,'不法侵入,'ずっと真夜中でいいのに。
437,'白い雪のプリンセスは,'のぼる↑
438,'Daydream cafe,'Petit Rabbit's
439,'死ぬな!,'こっちのけんと
440,'Dokkin・魔法つかいプリキュア!,'北川理恵
441,'ノーチラス,'ヨルシカ
442,'アクアテラリウム,'やなぎなぎ
443,'夢花火,'Novelbright
444,'アルジャーノン,'ヨルシカ
445,'斜陽,'ヨルシカ
446,'都落ち,'ヨルシカ
447,'風を食む,'ヨルシカ
448,'パレード,'ヨルシカ
449,'メフィスト,'女王蜂
450,'Who?,'Azari
451,'強風オールバック,'Yukopi
452,'ダーリン,'須田景凪
453,'MILABO,'ずっと真夜中でいいのに。
454,'森のくまさん,'童謡
455,'イノセント,'*Luna
456,'アイワナムチュー,'MAISONdes
457,'胸の煙,'ずっと真夜中でいいのに。
458,'限りあるＭoment,'アンジュルム
459,'ニッポンノD・N・A!,'BEYOOOOONDS
460,'本日、満開ワタシ色！,'桂ヒナギク
461,'私、アイドル宣言,'HoneyWorks
462,'オレンジ,'逢坂大河(釘宮理恵)・櫛枝実乃梨(堀江由衣)・川嶋亜美(喜多村英梨)
463,'you,'癒月
464,'第一夜,'ヨルシカ
465,'センパイ。,'HoneyWorks
466,'かくしん的☆めたまるふぉ～ぜっ!,'土間うまる(田中あいみ)
467,'少女レイ,'みきとP
468,'わたしの一番かわいいところ,'FRUITS ZIPPER
469,'青空のラプソディ,'fhana
470,'光るなら,'Goose house
471,'八月、某、月明かり,'ヨルシカ
472,'パプリカ,'米津玄師
473,'結ンデ開イテ羅刹ト骸,'ハチ
474,'金曜日のおはよう,'HoneyWorks
475,'Butter-Fly ,'和田光司
476,'美少女無罪・パイレーツ ,'宝鐘マリン
477,'星のすみか,'藍坊主
478,'サインはB,'B小町
479,'メランコリーキッチン,'米津玄師
480,'たぶん,'YOASOBI
481,'For フルーツバスケット,'岡崎律子
482,'暗黒天国,'ALI PROJECT
483,'Tulip,'THE IDOLM@STER CINDERELLA GIRLS
484,'恋は戦争,'supercell
485,'トウキョウ・シャンディ・ランデヴ,'MAISONdes
486,'馴れ合いサーブ,'ずっと真夜中でいいのに。
487,'失楽ペトリ,'ナナホシ管弦楽団
488,'ラプンツェル,'n-buna
489,'アサガオの散る頃に,'じっぷす
490,'デーモンロード,'Kanaria
491,'アヤノの幸福理論,'じん
492,'寝起きヤシの木,'Yukopi
493,'青のすみか,'キタニタツヤ
494,'あの夏が飽和する,'カンザキイオリ
495,'花一匁,'ずっと真夜中でいいのに。
496,'雲と幽霊,'ヨルシカ
497,'死ぬとき死ねばいい,'カンザキイオリ
498,'靴の花火,'ヨルシカ
499,'ホシアイ,'レフティーモンスターP
500,'orion,'米津玄師
501,'Stellar Stellar,'星街すいせい
502,'イデア,'天月-あまつき-
503,'六等星の夜,'Aimer
504,'愛して 愛して 後一分,'モーニング娘。
505,'通学ベクトル,'鈴木愛理(℃-ute)
506,'タデ食う虫もLike it!,'アンジュルム
507,'ソラシド～ねえねえ～,'Buono!
508,'心拍数♯0822,'蝶々P
509,'ハッピーシンセサイザ,'EasyPop
510,'Danceでバコーン!,'℃-ute
511,'スロウダウナー,'ろくろ
512,'くらべられっ子,'ツユ
513,'花に雨を、君に歌を,'ユリイ・カノン
514,'サムライハート,'SPYAIR
515,'凛として咲く花の如く,'紅色リトマス
516,'アマドール,'須田景凪
517,'ノマド,'バルーン
518,'Departures ～あなたにおくるアイの歌～,'EGOIST
519,'すずめ feat.十明,'RADWIMPS
520,'勇者,'YOASOBI
521,'ボルテッカー,'DECO*27
522,'アポカリプスなう,'ピノキオピー
523,'唱,'Ado
524,'粛聖!! ロリ神レクイエム☆,'しぐれうい
525,'ケムニマク,'とあ
526,'英雄 運命の詩,'EGOIST
527,'カメレオン,'すりぃ
528,'神のまにまに,'れるりり
529,'ray,'BUMP OF CHICKEN
530,'チャンス!,'月島きらり(久住小春)
531,'ユニバーサル・バニー,'シェリル・ノーム starring May'n
532,'トイレの神様,'植村花菜
533,'雪のツバサ,'redballoon
534,'テレパス,'ヨルシカ
535,'夜中のキスミ,'ずっと真夜中でいいのに。
536,'11文字の伝言,'Sound Horizon
537,'マイノリティ脈絡,'ずっと真夜中でいいのに。
538,'いらない、いらない、いらない。,'とあ
539,'花になって,'緑黄色社会
540,'消えてしまいそうです,'ずっと真夜中でいいのに。
541,'花の塔,'さユり
542,'春擬き,'やなぎなぎ
543,'コールボーイ,'syudou
544,'仮契約のシンデレラ,'私立恵比寿中学
545,'milk boy,'Silent Siren
546,'Zzz,'佐咲紗花
547,'ワタシノテンシ,'HoneyWorks
548,'インドア系ならトラックメイカー,'Yunomi
549,'電気予報,'稲葉曇
550,'人マニア,'原口沙輔
551,'マリンブルーの庭園,'ずっと真夜中でいいのに。
552,'グレゴリオ,'古川本舗
553,'ライカ,'yamada
554,'フラレガイガール,'さユり
555,'風になる,'つじあやの
556,'まほろばアスタリスク,'≠ME
557,'可愛いあの子が気にゐらない,'なるみや
558,'ゴールデンレイ,'三月のパンタシア
559,'clock lock works,'ハチ
560,'すきっちゅーの!,'HoneyWorks
561,'ルマ,'かいりきベア
562,'刀ピークリスマスのテーマソング2022,'ピーナッツくん
563,'Walking With You,'Novelbright
564,'ただ声一つ,'ロクデナシ
565,'小さな恋のうた,'MONGOL800
566,'Anytime Anywhere,'milet
567,'奏,'スキマスイッチ
568,'おとなの掟,'Doughnuts Hole
569,'奇縁ロマンス,'ナナヲアカリ
570,'ウィーアー!,'きただにひろし
571,'神様はじめました,'ハナエ
572,'それがあなたの幸せとしても,'ヘブンズP
573,'晩餐歌,'tuki.
574,'GOUNN,'ももいろクローバーZ
575,'晴る,'ヨルシカ
576,'永眠のすゝめ,'なるみや
577,'Blessing,'halyosy
578,'ジグソーパズル,'まふまふ
579,'エキゾチックテレパシー,'夜光性アミューズ
580,'わちゃちゃむ!,'夏山よつぎ
581,'午前六時のブギウギ,'天馬六華(村瀬歩)
582,'ピーマン体操,'有馬かな(潘めぐみ)
583,'チューリングラブ,'ナナヲアカリ
584,'しんでしまうとはなさけない!,'ワンダフル☆オポチュニティ!
585,'シス×ラブ,'HoneyWorks
586,'#超絶かわいい,'HoneyWorks
587,'ロボキッス,'W(ダブルユー)
588,'ももいろの鍵,'いよわ
589,'ハナマル☆センセイション,'Little Non
590,'Loveit?,'biz×ZERA
591,'ラヴィット,'ピノキオピー
592,'わざとあざとエキスパート,'いぎなり東北産
593,'混沌ブギ,'jon-YAKITORY
594,'ルカルカ★ナイトフィーバー,'samfree
595,'いーあるふぁんくらぶ,'みきとP
596,'病み垢ステロイド,'かいりきベア
597,'カヌレ,'CHiCO with HoneyWorks
598,'JUVENILE,'じん
599,'イガク,'原口沙輔
600,'Bling-Bang-Bang-Born,'Creepy Nuts
601,'星間飛行,'ランカ・リー(中島愛)
602,'ほめのび,'白銀ノエル
603,'メイジ・オブ・ヴァイオレット,'紫咲シオン
604,'オーバーライド,'吉田夜世
605,'再会,'はるまきごはん
606,'ラビットホール,'DECO*27
607,'FAKE IDOL,'藍月なくる
608,'ワーストリグレット,'youまん
609,'争いの系譜,'Sound Horizon
610,'Sacrifice,'Sound Horizon
611,'臨界ダイバー,'こじろー
612,'マカロン,'ATOLS
613,'鬼ノ宴,'友成空
614,'ドリームレス・ドリームス,'はるまきごはん
615,'Dec.,'Kanaria
616,'可不ェイン,'柊マグネタイト
617,'8番出口,'EO
618,'glow,'keeno
619,'ワールド・ランプシェード,'buzzG
620,'シェイク,'内緒のピアス
621,'レグルス,'ゆうゆ
622,'嘘じゃない,'ずっと真夜中でいいのに。
623,'Blues in the Closet,'ずっと真夜中でいいのに。
624,'光景,'初星学園 篠澤広(川村玲奈)
625,'創聖のアクエリオン,'AKINO
626,'マザーデイズ,'Chinozo
627,'Monster,'嵐
628,'ドラマツルギー,'Eve
629,'回レ!雪月花,'歌組雪月花
630,'愛・おぼえていますか,'飯島真理
631,'初,'初星学園
632,'Fighting My Way,'初星学園 花海咲季(長月あおい)
633,'Luna say maybe,'初星学園 月村手毬(小鹿なお)
634,'世界一可愛い私,'初星学園 藤田ことね(飯田ヒカル)
635,'clumsy trick,'初星学園 姫崎莉波(薄井友里)
636,'Tame-Lie-One-Step,'初星学園 紫雲清夏(湊みや)
637,'白線,'初星学園 葛城リーリヤ(花岩香奈)
638,'Wonder Scale,'初星学園 倉本千奈(伊藤舞音)
639,'Fluorite,'初星学園 有村麻央(七瀬つむぎ)
640,'The Rolling Riceball,'初星学園 花海佑芽 (松田彩音)
641,'夏色,'ゆず
642,'secret base ～君がくれたもの～,'ZONE
643,'悪ノ娘,'mothy
644,'STAR,'超ときめき・宣伝部
645,'星が瞬くこんな夜に,'supercell
646,'エンヴィキャットウォーク,'トーマ
647,'愛して愛して愛して,'きくお
648,'メビウス,'めいちゃん
649,'プロポーズ,'内緒のピアス
650,'再教育,'Neru
651,'すろぉもぉしょん,'ピノキオピー
652,'ずうっといっしょ!,'キタニタツヤ
653,'はいよろこんで,'こっちのけんと
654,'のだ,'大漠波新
655,'解読不能,'After the Rain
656,'Stardust,'Sound Horizon
657,'聖少女領域,'ALI PROJECT
658,'忘れてください,'ヨルシカ
659,'心に穴が空いた,'ヨルシカ
660,'対象a,'anNina
661,'ミニモニ。ジャンケンぴょん!,'ミニモニ。
662,'ぼくはくま(替)ぼくはこゆ,'宇多田ヒカル(替)星降こゆ
663,'白金ディスコ,'阿良々木月火(井口裕香)
664,'私以外私じゃないの,'ゲスの極み乙女
665,'バトルフロンティア,'高屋亜希那
666,'うい麦畑でつかまえて,'しぐれうい
667,'愛包ダンスホール,'HIMEHINA
668,'太陽系デスコ,'ナユタン星人
669,'えれくとりっく・えんじぇぅ,'ヤスオ
670,'アカツキアライヴァル,'Last Note.
671,'九龍レトロ,'トーマ
672,'ゴーストルール,'DECO*27
673,'二息歩行,'DECO*27
674,'炉心融解,'iroha
675,'夏枯れ,'ずっと真夜中でいいのに。
676,'八月の夜,'SILENT SIREN
677,'サマータイムレコード,'じん
678,'きみも悪い人でよかった,'ピノキオピー
679,'Little Busters!,'Rita
680,'ワールズエンド・ダンスホール,'wowaka
681,'ノルニル,'やくしまるえつこメトロオーケストラ
682,'大人の事情,'NEXT YOU
683,'赤いフリージア,'メロン記念日
684,'私を創るのは私,'アンジュルム
685,'少年時代,'井上陽水
686,'若者のすべて,'フジファブリック
687,'モエチャッカファイア,'弌誠
688,'UFO,'ピンクレディ
689,'妄想税,'DECO*27
690,'声に花束,'#ffff
691,'君の神様になりたい。,'カンザキイオリ
692,'食虫植物,'理芽
693,'Esperanza,'西野カナ
694,'惑星ループ,'ナユタン星人
695,'10月無口な君を忘れる,'あたらよ
696,'曇天,'DOES
697,'Daydream Syndrome,'藤原鞠菜
698,'それは小さな光のような,'さユり
699,'Over Soul,'林原めぐみ
700,'oath sign,'LiSA
701,'Cagayake!GIRLS,'桜高軽音部
702,'モノクロのキス,'シド
703,'ANGELUS-アンジェラス-,'島谷ひとみ
704,'ン・パカマーチ,'徳光由香
705,'太陽の楽園 ～Promised Land～,'神戸みゆき
706,'こころのたまご,'Buono!
707,'アナタボシ,'MilkyWay
708,'KIZUNA,'七海るちあ(中田あすみ)、宝生波音(寺門仁美)、洞院リナ(浅野まゆみ)
709,'ドリームパレード,'i☆Ris
710,'Parallel Hearts,'FictionJunction
711,'my sweet heart,'小松里賀
712,'おジャ魔女カーニバル!!,'MAHO堂
713,'ファタール,'GEMN
714,'ヴィーナスとジーザス,'やくしまるえつこ
715,'Catch the Moment,'LiSA
716,'Bunny Girl,'AKASAKI
717,'オトノケ,'Creepy Nuts
718,'TAIDADA,'ずっと真夜中でいいのに。
719,'心とかいう名前の未発見の臓器の機能についての考察,'adstlaxy
720,'悪ノ召使,'mothy
721,'366日,'HY
722,'Bad Apple!!,'ZUN
723,'trick and treat,'OSTER project
724,'ゴーストダイブ,'ポルカドットスティングレイ
725,'Dancing stars on me!,'μ's
726,'仮装狂騒曲,'初星学園 (倉本千奈・篠澤広・月村手毬)
727,'エンパープル,'はるまきごはん
728,'うぉんちゅーばっど,'jon-YAKITORY
729,'お呪い,'なきそ
730,'ダーリン,'MARETU
731,'ドーナツホール,'ハチ
732,'ビビデバ,'星街すいせい
733,'空想メソロギヰ,'妖精帝國
734,'POPSTAR,'平井堅
735,'Q&A リサイタル!,'戸松遥
736,'ネバーランド,'DECO*27
737,'フクロウ〜フクロウが知らせる客が来たと〜,'KOKIA
738,'忘れじの言の葉,'未来古代楽団
739,'さよならだけが人生だ,'伊藤歌詞太郎
740,'アストロノーツ,'優里
741,'糸,'中島みゆき
742,'お願い！シンデレラ,'THE IDOLM@STER CINDERELLA GIRLS!!
743,'スターダストメドレー,'きさら
744,'ノルニル,'やくしまるえつこ
745,'クズリ念,'ずっと真夜中でいいのに。
746,'セブンティーン,'YOASOBI
747,'ダークネスヤミー,'DarKness yuMMMY !!
748,'熱風,'kemu
749,'サヨナラノツバサ ～the end of triangle,'シェリル・ノーム starring May'n、ランカ・リー=中島愛
750,'ないない,'ReoNa
751,'深愛,'水樹奈々
752,'オトナブルー,'新しい学校のリーダーズ
753,'名前のない怪物,'EGOIST
754,'マリーゴールド,'あいみょん
755,'夜行,'ヨルシカ
756,'砂の惑星,'ハチ
757,'刀ピークリスマスのテーマソング2024,'ピーナッツくん
758,'アンチジョーカー,'マイキP
759,'B級,'ちゃんみな
760,'女々しくて,'ゴールデンボンバー
761,'青春アミーゴ,'修二と彰
762,'BRAND NEW MORNING,'モーニング娘。'17
763,'オーケストラ,'BiSH
764,'エイミー,'茅原実里
765,'狂う獣,'Misumi
766,'なにやってもうまくいかない,'meiyo
767,'よくばり,'Ayase
768,'ド屑,'なきそ
769,'ミルククラウン・オン・ソーネチカ,'ユジー
770,'余命 2:30,'ピノキオピー
771,'いらないよ,'syudou
772,'頓珍漢の宴,'ピノキオピー
773,'Deal with the devil,'Tia 
774,'色は匂へど 散りぬるを,'幽閉サテライト
775,'逆光,'Ado
776,'スキちゃん,'スマイレージ
777,'ぺこらんだむぶれいん！,'兎田ぺこら
778,'てらてら,'和田たけあき
779,'きらきら星,'フランス童謡
780,'カワキヲアメク,'美波
781,'プラネタリウム,'大塚愛
782,'明け星,'LiSA
783,'私は最強,'Ado
784,'Here,'JUNNA
785,'僕らの戦場,'ワルキューレ
786,'U,'millennium parade × Belle
787,'snooze,'wotak
788,'Surges,'Orangestar
789,'I’m Your Treasure Box ＊あなたは マリンせんちょうを たからばこからみつけた。,'宝鐘マリン
790,'好きって言ってよ,'Juice=Juice
791,'あなたなしでは生きてゆけない,'Berryz工房
792,'夢幻クライマックス,'℃-ute
793,'大脳的なランデブー,'Kanaria
794,'毒林檎,'DECO*27
795,'Iなんです,'れるりり
796,'ラブカ？,' 柊キライ
797,'地球の裏,' いよわ
798,'キメラ,'DECO*27
799,'ビースト・ダンス,'くらげP
800,'Bad ∞ End ∞ Night,'ひとしずくP
801,'さようなら、花泥棒さん,'メル
802,'スパークル,'RADWIMPS
803,'熱異常,'いよわ
804,'勘ぐれい,'ずっと真夜中でいいのに。
805,'Mela!,'緑黄色社会
806,'アタシは問題作,'Ado
807,'如月アテンション,'じん
808,'花に風,'バルーン
809,'パプリカ,'Foorin
810,'Fantasyが始まる,'モーニング娘。
811,'タイトルなんて自分で考えなさいな,'マリア(沢城みゆき)
812,'友よ,'アンジュルム
813,'ディナーベル,'はるまきごはん
814,'ヨンジュウナナ,'みきとP
815,'アカイト,'みきとP
816,'アザレアの亡霊,'トーマ
817,'Fire◎Flower,'halyosy
818,'ロストワンの号哭,'Neru
819,'バラライカ,'月島きらり starring 久住小春(モーニング娘。)
820,'扉をあけて,'ANZA
821,'サラマンダー,'DECO*27
822,'アイのシナリオ,'CHiCO with HoneyWorks
823,'爆笑,'syudou
824,'邪魔,'syudou
825,'BL,'女王蜂
826,'いつかオトナになれるといいね。,'ツユ
827,'ばかじゃないのに,'ずっと真夜中でいいのに。
828,'楽園の翼,'黒崎真音
829,'ebullient future〈Japanese〉,'ELISA
830,'ebullient future〈English〉,'ELISA
831,'自傷無色,'ねこぼーろ
832,'ミュージック・アワー,'ポルノグラフィティ
833,'夏色えがおで1，2，Jump!,'μ's
834,'グリーンライツ・セレナーデ,'Omoi
835,'1000年生きてる,'いよわ
836,'パメラ,'バルーン
837,'わたしのアール,'くらげP
838,'いのちの名前,'木村弓
839,'変わらないもの,'奥華子
840,'カゲロウデイズ,'じん
841,'チルドレンレコード,'じん
842,'空想フォレスト,'じん
843,'夜咄ディセイブ,'じん
844,'アウターサイエンス,'じん
845,'オツキミリサイタル,'じん
846,'アディショナルメモリー,'じん
847,'失想ワアド,'じん
848,'moreきゅん奴隷,'戦慄かなの
849,'イケナイ太陽,'ORANGE RANGE
850,'太陽のflare sherbet,'そふぃ(久保田未夢)
851,'太陽曰く燃えよカオス,'後ろから這いより隊G
852,'太陽になれるかな,'ツユ
853,'花ハ踊レヤいろはにほ,'チーム“ハナヤマタ”
854,'泡沫サタデーナイト!,'モーニング娘。'16
855,'月に吠える,'ヨルシカ
856,'ラズバニー,'おじぇいまる
857,'月曜日の憂鬱,'天月-あまつき-
858,'ODDS&ENDS,'supercell
859,'あいしていたのに,'MARETU
860,'心象カスケード,'電ポルP
861,'アカシア,'BUMP OF CHICKEN
862,'だんご大家族,'茶太
863,'愛言葉Ⅲ,'DECO*27
864,'ダブルラリアット,'アゴアニキ
865,'トリセツ,'西野カナ
866,'傀儡阿修羅,'柊マグネタイト
867,'リレイアウター,'稲葉曇
868,'METEOR,'DIVELA
869,'ハレンチ,'ちゃんみな
870,'キス・ミー・パティシエ,'CANDY TUNE
871,'恋,'星野源 
872,'メロウ,'須田景凪
873,'レド,'須田景凪
874,'境界の彼方,'茅原実里
875,'約束の絆,'妖夢討伐隊
876,'あの子コンプレックス,'=LOVE
877,'おちゃめ機能,'ゴジマジP
878,'インフルエンサー,'乃木坂46
879,'君がいて水になる,'ずっと真夜中でいいのに。
880,'ラピスラズリ,'藍井エイル
881,'Alteration,'ZAQ
882,'アルカリレットウセイ,'かいりきベア
883,'アイ情劣等生,'かいりきベア
884,'レイニーブーツ,'稲葉曇
885,'アイシテ,'とあ
886,'匿名M,'ピノキオピー
887,'はゔぁ,'ずっと真夜中でいいのに。
888,'ハイタ,'ルワン
889,'リモコン,'ワンダフル☆オポチュニティ!
890,'WAVE,'niki
891,'世界寿命と最後の一日,'スズム
892,'ココロ,'トラボルタ
893,'アタシ,'syudou
894,'Snow halation,'μ's
895,'太陽ポカポカで草,'なみぐる
896,'レイメイ,'さユり×MY FIRST STORY
897,'太陽,'ヨルシカ
898,'へび,'ヨルシカ
899,'小さな野望,'初星学園 十王星南(陽高真白)
900,'帝国少女,'R Sound Design
901,'ギガンティックO.T.N,'ギガP
902,'もってけ!セーラーふく,'泉こなた(平野綾)、柊かがみ(加藤英美里)、柊つかさ(福原香織)、高良みゆき(遠藤綾)
903,'気まぐれロマンティック,'いきものがかり
904,'堕天,'Creepy Nuts
905,'一旦ステイ TONIGHT,'にじさんじ (不破湊)
906,'白い恋人達,'桑田佳祐
907,'思想犯,'ヨルシカ
908,'花人局,'ヨルシカ
909,'化けの花,'なきそ
910,'藍の華,'HIMEHINA
911,'忘れろビーム,'こゆのあ
912,'SOS,'黛冬優子(幸村恵理)
913,'Make You Happy,'NiziU
914,'物の怪の類,'めいちゃん
915,'ブレーメン,'ヨルシカ
916,'水流のロック,'日食なつこ
917,'アンダーキッズ,'ツユ
918,'終端の王と異世界の騎士,'Sound Horizon
919,"'トラエノヒメ feat. むト, Sohbana",'MAISONdes
920,'スイートマジック,'Junky
921,'アイドルライフスターターパック,'iLiFE!
922,'妄想アスパルテーム,'ESHIKARA
923,'海色(みいろ),'AKINO from bless4
924,'ファッとして桃源郷,'新庄かなえ(三森すずこ)
925,'ムーンライト伝説,'DALI
926,'君をのせて,'井上あずみ
927,'シュガーソングとビターステップ,'UNISON SQUARE GARDEN
928,'モニタリング,'DECO*27
929,'みむかゥわナイストライ,'ぬぬぬぬぬぬぬぬぬぬぬぬぬぬぬぬぬぬぬぬぬぬぬぬぬぬぬぬぬぬぬぬぬぬぬぬ
930,'キャンディークッキーチョコレート,'はろける
931,'エメラルドシティ,'TOKOTOKO(西沢さんP) feat.MAYU
932,'妄想アスパルテーム feat.picco、初音ミク,'ESHIKARA
933,'テレパシ,'DECO*27
934,'雑魚,'柊マグネタイト
935,'メビウス,'柊キライ
936,'サイバーパンクデッドボーイ,'マイキP
937,'カタオモイ,'Aimer
938,'メズマライザー,'サツキ
939,'(ム)責任集合体,'マサラダ
940,'veil,'須田景凪
941,'Shout Baby,'緑黄色社会
942,'Pray,'レイチェル(CV.千菅春香)
943,'吹雪,'西沢幸奏
944,'フォニィ,'ツキミ
945,'嗚呼、素晴らしきニャン生,'Nem
946,'キュートなカノジョ,'syudou
947,'となりのトトロ,'井上あずみ
948,'together,'あきよしふみえ
949,'CHA-LA HEAD-CHA-LA,'影山ヒロノブ
950,'バリバリ最強No.1,'FEEL SO BAD
951,'ブルーバード,'いきものがたり
952,'ラムのラブソング,'松谷祐子
953,'BRAIN,'Kanaria
954,'狂乱Hey Kids!!,'THE ORAL CIGARETTES
955,'プラネテス,'seiza
956,' がらくた,'米津玄師
957,'右肩の蝶,'のりP
958,'絶対アイドル辞めないで,'=LOVE
959,'憂、燦々(ゆう、さんさん),'クリープハイプ
960,'ロメオ,'HoneyWorks
961,'パンダヒーロー,'ハチ
962,'ラヴィ,'すりぃ
963,'アポリア,'ヨルシカ
964,'ブルーバード,'いきものがかり
965,'エイミー,'ヨルシカ
966,'奏(かなで),'スキマスイッチ
967,'レディーレ,'バルーン
968,'ハッピーミルフィーユ,'初星学園 (篠澤 広・十王星南・姫崎莉波)
969,'アイドルでよかった。,'HoneyWorks
970,'UNDEAD,'YOASOBI
971,'LADY CRAZY,'HIMEHINA
972,'かわいいだけじゃだめですか?,'CUTIE STREET
973,'アウトサイダー,'Eve
974,'恋愛裁判,'40mP
975,'ダイダイダイダイダイキライ,'Amala
976,'白線,'葛城リーリヤ
977,'Booo!,'TOKOTOKO
978,'O-week-old,'ファルル（赤崎千夏）
979,'Magnet,'minato（流星P）
980,'侵略する者される者,'Sound Horizon
981,'Tulip,'LiPPS
982,'モアザンワーズ,'坂本真綾
983,'一番の宝物,'LiSA
984,'ダイアモンドクレバス,'シェリル・ノーム
985,'ひたむきシンデレラ!,'CUTIE STREET
986,'sweet timer,'iLiFE!
987,'イフ,'月詠み
988,'公然の秘密,'椎名林檎
989,'ミッドナイト・リフレクション,'NOMELON NOLEMON
990,'シェードの埃は延長,'ずっと真夜中でいいのに。
991,'フロントメモリー,'神聖かまってちゃん
992,'THE DAY,'ポルノグラフィティ
993,'PUNCH☆MIND☆HAPPINESS,'Happy Clover
994,'とくべチュ、して,'=LOVE
995,'愛・スクリ～ム!,'AiScReam
996,'初恋リバイバル,'iLiFE!
997,'イエスタデイ,'Official髭男dism
998,'形,'ずっと真夜中でいいのに。
999,'アンチユー,'Chinozo
1000,'オールセーブチャレンジ,'ワンダーランズ×ショウタイム
1001,'リードコントロール,'なるみや
1002,'通心障害,'なるみや
1003,'夜もすがら君想ふ,'TOKOTOKO(西沢さんP) feat.GUMI
1004,'コンプリケイション,'ROOKiEZ is PUNK'D
1005,'Mermaid festa vol.1,'μ's
1006,'夏に去りし君を想フ,'baker
1007,'極光,'初星学園 葛城リーリヤ(花岩香奈)
1008,'不屈のアイドル,'HoneyWorks
